sample	name	value	Midday____Midnight	Air____CO2
SRR9042866	pink	0.0283567248762754	Midday	Air
SRR9042866	orange	0.00482691008174236	Midday	Air
SRR9042866	blue	-0.0746131136732327	Midday	Air
SRR9042866	yellow	-0.00943878558229066	Midday	Air
SRR9042866	brown	-0.026674560844771	Midday	Air
SRR9042866	green	0.0393404673545002	Midday	Air
SRR9042866	darkturquoise	-0.016889102431954	Midday	Air
SRR9042866	black	0.129169441775383	Midday	Air
SRR9042866	lightgreen	0.0655809219026226	Midday	Air
SRR9042866	darkgreen	0.0901643042898967	Midday	Air
SRR9042866	midnightblue	0.135336494790489	Midday	Air
SRR9042866	red	0.00850455322214372	Midday	Air
SRR9042866	tan	-0.0113395229759802	Midday	Air
SRR9042866	darkgrey	0.0261696969669735	Midday	Air
SRR9042866	magenta	-0.0652596490349239	Midday	Air
SRR9042866	cyan	-0.0651896373074435	Midday	Air
SRR9042866	purple	-0.0882474936691788	Midday	Air
SRR9042866	darkred	-0.161197358859511	Midday	Air
SRR9042866	lightyellow	-0.033352575178496	Midday	Air
SRR9042866	grey60	-0.0551378995255435	Midday	Air
SRR9042866	salmon	0.0381341917076457	Midday	Air
SRR9042866	turquoise	0.0997454717026931	Midday	Air
SRR9042866	royalblue	-0.0884087334095771	Midday	Air
SRR9042866	greenyellow	-0.0680970876255681	Midday	Air
SRR9042866	lightcyan	-0.076586070334617	Midday	Air
SRR9042866	grey	-0.000511564220086375	Midday	Air
SRR9042867	pink	0.0322037818179479	Midday	Air
SRR9042867	orange	0.0157296648940469	Midday	Air
SRR9042867	blue	-0.0742818926981641	Midday	Air
SRR9042867	yellow	-0.011025655739999	Midday	Air
SRR9042867	brown	-0.0277817474778898	Midday	Air
SRR9042867	green	0.0399640773181338	Midday	Air
SRR9042867	darkturquoise	-0.00703008905459273	Midday	Air
SRR9042867	black	0.129049507717553	Midday	Air
SRR9042867	lightgreen	0.0752045111077438	Midday	Air
SRR9042867	darkgreen	0.10155948220626	Midday	Air
SRR9042867	midnightblue	0.130636388881416	Midday	Air
SRR9042867	red	0.0135461852385784	Midday	Air
SRR9042867	tan	-0.0125400861985551	Midday	Air
SRR9042867	darkgrey	0.0200648321831608	Midday	Air
SRR9042867	magenta	-0.0640737363777018	Midday	Air
SRR9042867	cyan	-0.0700830632165832	Midday	Air
SRR9042867	purple	-0.0844165077119187	Midday	Air
SRR9042867	darkred	-0.164816401268318	Midday	Air
SRR9042867	lightyellow	-0.0316291267397244	Midday	Air
SRR9042867	grey60	-0.0483362305249776	Midday	Air
SRR9042867	salmon	0.036163353076623	Midday	Air
SRR9042867	turquoise	0.101295646785917	Midday	Air
SRR9042867	royalblue	-0.0931934969401848	Midday	Air
SRR9042867	greenyellow	-0.0753525493886422	Midday	Air
SRR9042867	lightcyan	-0.0768328292988343	Midday	Air
SRR9042867	grey	-0.000478982437095189	Midday	Air
SRR9042869	pink	0.0335970413061242	Midday	Air
SRR9042869	orange	0.00967430430574594	Midday	Air
SRR9042869	blue	-0.0749180220908193	Midday	Air
SRR9042869	yellow	-0.0116399395576817	Midday	Air
SRR9042869	brown	-0.0278754754013107	Midday	Air
SRR9042869	green	0.0394014469967928	Midday	Air
SRR9042869	darkturquoise	-0.0116629498321028	Midday	Air
SRR9042869	black	0.128913336378583	Midday	Air
SRR9042869	lightgreen	0.0767708685139712	Midday	Air
SRR9042869	darkgreen	0.095559124042639	Midday	Air
SRR9042869	midnightblue	0.136421977346984	Midday	Air
SRR9042869	red	0.00938565801490687	Midday	Air
SRR9042869	tan	-0.00760095790966953	Midday	Air
SRR9042869	darkgrey	0.0114281428789921	Midday	Air
SRR9042869	magenta	-0.0609302965361676	Midday	Air
SRR9042869	cyan	-0.0672227370053318	Midday	Air
SRR9042869	purple	-0.0860759144622551	Midday	Air
SRR9042869	darkred	-0.165949514531411	Midday	Air
SRR9042869	lightyellow	-0.0338265156907785	Midday	Air
SRR9042869	grey60	-0.0456625701308175	Midday	Air
SRR9042869	salmon	0.0414519473704977	Midday	Air
SRR9042869	turquoise	0.102360955719497	Midday	Air
SRR9042869	royalblue	-0.0896134170728267	Midday	Air
SRR9042869	greenyellow	-0.0686316082810508	Midday	Air
SRR9042869	lightcyan	-0.0734513609508537	Midday	Air
SRR9042869	grey	-0.000531516325786624	Midday	Air
SRR9042870	pink	0.00533951821685139	Midday	Air
SRR9042870	orange	0.0447046446697961	Midday	Air
SRR9042870	blue	-0.107302359389055	Midday	Air
SRR9042870	yellow	-0.0499719456820888	Midday	Air
SRR9042870	brown	-0.0188559142454958	Midday	Air
SRR9042870	green	0.0697040827012192	Midday	Air
SRR9042870	darkturquoise	0.0500291890758737	Midday	Air
SRR9042870	black	0.134766761798984	Midday	Air
SRR9042870	lightgreen	0.0943332230351941	Midday	Air
SRR9042870	darkgreen	0.0778116690929588	Midday	Air
SRR9042870	midnightblue	0.12863200029594	Midday	Air
SRR9042870	red	0.00259958973986445	Midday	Air
SRR9042870	tan	-0.0405557324061634	Midday	Air
SRR9042870	darkgrey	0.0013656978868697	Midday	Air
SRR9042870	magenta	-0.0638865909950071	Midday	Air
SRR9042870	cyan	-0.0689406328130125	Midday	Air
SRR9042870	purple	-0.0633967297980307	Midday	Air
SRR9042870	darkred	-0.156191363506277	Midday	Air
SRR9042870	lightyellow	0.00327651767373951	Midday	Air
SRR9042870	grey60	-0.0522728946557031	Midday	Air
SRR9042870	salmon	0.0621101652199324	Midday	Air
SRR9042870	turquoise	0.117170747015263	Midday	Air
SRR9042870	royalblue	-0.0711907453732319	Midday	Air
SRR9042870	greenyellow	-0.0481441381571061	Midday	Air
SRR9042870	lightcyan	-0.0369373321848027	Midday	Air
SRR9042870	grey	-0.000359259365733188	Midday	Air
SRR9042872	pink	0.00475188051254501	Midday	Air
SRR9042872	orange	0.0473059997898988	Midday	Air
SRR9042872	blue	-0.10986773541123	Midday	Air
SRR9042872	yellow	-0.0490396492606624	Midday	Air
SRR9042872	brown	-0.0209434403465159	Midday	Air
SRR9042872	green	0.0706881368098075	Midday	Air
SRR9042872	darkturquoise	0.0513088309516828	Midday	Air
SRR9042872	black	0.133943823381166	Midday	Air
SRR9042872	lightgreen	0.0972972616747474	Midday	Air
SRR9042872	darkgreen	0.0734237612212754	Midday	Air
SRR9042872	midnightblue	0.130725218744692	Midday	Air
SRR9042872	red	0.00181734539910971	Midday	Air
SRR9042872	tan	-0.0383931086684143	Midday	Air
SRR9042872	darkgrey	-0.0132076769191293	Midday	Air
SRR9042872	magenta	-0.0737067962454366	Midday	Air
SRR9042872	cyan	-0.0718279771990983	Midday	Air
SRR9042872	purple	-0.0657716014365245	Midday	Air
SRR9042872	darkred	-0.153728943623446	Midday	Air
SRR9042872	lightyellow	0.00430426387387836	Midday	Air
SRR9042872	grey60	-0.0464225020339118	Midday	Air
SRR9042872	salmon	0.0573714457812154	Midday	Air
SRR9042872	turquoise	0.117950772902682	Midday	Air
SRR9042872	royalblue	-0.0666620880701634	Midday	Air
SRR9042872	greenyellow	-0.0543915852806015	Midday	Air
SRR9042872	lightcyan	-0.0346351684590158	Midday	Air
SRR9042872	grey	-0.000382441473529975	Midday	Air
SRR9042873	pink	0.00280726399865499	Midday	Air
SRR9042873	orange	0.0316318505255879	Midday	Air
SRR9042873	blue	-0.109109711450672	Midday	Air
SRR9042873	yellow	-0.0496328085797243	Midday	Air
SRR9042873	brown	-0.0201406623621435	Midday	Air
SRR9042873	green	0.0702855606816211	Midday	Air
SRR9042873	darkturquoise	0.0447817215099207	Midday	Air
SRR9042873	black	0.130908662429428	Midday	Air
SRR9042873	lightgreen	0.0909890242661937	Midday	Air
SRR9042873	darkgreen	0.0855638547426489	Midday	Air
SRR9042873	midnightblue	0.131770461651489	Midday	Air
SRR9042873	red	0.00588542055103924	Midday	Air
SRR9042873	tan	-0.0414755658155221	Midday	Air
SRR9042873	darkgrey	0.00676084076110307	Midday	Air
SRR9042873	magenta	-0.0722589764929605	Midday	Air
SRR9042873	cyan	-0.071077145086765	Midday	Air
SRR9042873	purple	-0.0655143500480424	Midday	Air
SRR9042873	darkred	-0.157758563109746	Midday	Air
SRR9042873	lightyellow	0.00836623662630597	Midday	Air
SRR9042873	grey60	-0.0484720085130352	Midday	Air
SRR9042873	salmon	0.0580220685105215	Midday	Air
SRR9042873	turquoise	0.117714552226085	Midday	Air
SRR9042873	royalblue	-0.0697091261399739	Midday	Air
SRR9042873	greenyellow	-0.0505183581939218	Midday	Air
SRR9042873	lightcyan	-0.0401639692514244	Midday	Air
SRR9042873	grey	-0.000526741576538637	Midday	Air
SRR9042874	pink	0.0187285813345259	Midday	Air
SRR9042874	orange	0.0501246077966999	Midday	Air
SRR9042874	blue	-0.0952834309283866	Midday	Air
SRR9042874	yellow	-0.0503689042718829	Midday	Air
SRR9042874	brown	-0.00530168253869546	Midday	Air
SRR9042874	green	0.0698241498706244	Midday	Air
SRR9042874	darkturquoise	0.0203781663769901	Midday	Air
SRR9042874	black	0.124631257190754	Midday	Air
SRR9042874	lightgreen	0.0961698916421626	Midday	Air
SRR9042874	darkgreen	0.0737686145576875	Midday	Air
SRR9042874	midnightblue	0.138134017201001	Midday	Air
SRR9042874	red	-0.00421878522096909	Midday	Air
SRR9042874	tan	-0.0427203202813262	Midday	Air
SRR9042874	darkgrey	0.0160437151843649	Midday	Air
SRR9042874	magenta	-0.0596521005495093	Midday	Air
SRR9042874	cyan	-0.0257032833742917	Midday	Air
SRR9042874	purple	-0.0736765338331927	Midday	Air
SRR9042874	darkred	-0.143937656733361	Midday	Air
SRR9042874	lightyellow	-0.0209101597963567	Midday	Air
SRR9042874	grey60	-0.127575521461546	Midday	Air
SRR9042874	salmon	0.0551859961070146	Midday	Air
SRR9042874	turquoise	0.111020518796489	Midday	Air
SRR9042874	royalblue	-0.132180613691199	Midday	Air
SRR9042874	greenyellow	-0.102995226674992	Midday	Air
SRR9042874	lightcyan	-0.0951911851855463	Midday	Air
SRR9042874	grey	-0.000166034203740851	Midday	Air
SRR9042876	pink	0.0158117885686545	Midday	Air
SRR9042876	orange	0.0444985462753226	Midday	Air
SRR9042876	blue	-0.0939156225453183	Midday	Air
SRR9042876	yellow	-0.0483155497488805	Midday	Air
SRR9042876	brown	-0.00691172812472585	Midday	Air
SRR9042876	green	0.0709011858641754	Midday	Air
SRR9042876	darkturquoise	0.0151093218367729	Midday	Air
SRR9042876	black	0.125648296172773	Midday	Air
SRR9042876	lightgreen	0.0953178710035225	Midday	Air
SRR9042876	darkgreen	0.0699080168299869	Midday	Air
SRR9042876	midnightblue	0.139328714988616	Midday	Air
SRR9042876	red	-0.00562590744643905	Midday	Air
SRR9042876	tan	-0.0429291491212071	Midday	Air
SRR9042876	darkgrey	0.0151915714654538	Midday	Air
SRR9042876	magenta	-0.0585894165057351	Midday	Air
SRR9042876	cyan	-0.0260717506402545	Midday	Air
SRR9042876	purple	-0.0750557482361248	Midday	Air
SRR9042876	darkred	-0.140956979479014	Midday	Air
SRR9042876	lightyellow	-0.022513148265133	Midday	Air
SRR9042876	grey60	-0.128882673740043	Midday	Air
SRR9042876	salmon	0.057498862848128	Midday	Air
SRR9042876	turquoise	0.112338570666091	Midday	Air
SRR9042876	royalblue	-0.126496447881941	Midday	Air
SRR9042876	greenyellow	-0.108264879441618	Midday	Air
SRR9042876	lightcyan	-0.0911498469208936	Midday	Air
SRR9042876	grey	0.000287419803585217	Midday	Air
SRR9042877	pink	0.0184940938721936	Midday	Air
SRR9042877	orange	0.0394931620369894	Midday	Air
SRR9042877	blue	-0.0955958101905515	Midday	Air
SRR9042877	yellow	-0.0508319455450155	Midday	Air
SRR9042877	brown	-0.00888740566460976	Midday	Air
SRR9042877	green	0.071989060420881	Midday	Air
SRR9042877	darkturquoise	0.0250329138959792	Midday	Air
SRR9042877	black	0.122541928147884	Midday	Air
SRR9042877	lightgreen	0.102108623289991	Midday	Air
SRR9042877	darkgreen	0.0765974148846128	Midday	Air
SRR9042877	midnightblue	0.136764129051987	Midday	Air
SRR9042877	red	-0.0068071649907208	Midday	Air
SRR9042877	tan	-0.0442254133274023	Midday	Air
SRR9042877	darkgrey	0.0286463867142193	Midday	Air
SRR9042877	magenta	-0.0607799184189399	Midday	Air
SRR9042877	cyan	-0.0261118499014476	Midday	Air
SRR9042877	purple	-0.0705605417281078	Midday	Air
SRR9042877	darkred	-0.142271407879238	Midday	Air
SRR9042877	lightyellow	-0.0218617535849279	Midday	Air
SRR9042877	grey60	-0.123631041584214	Midday	Air
SRR9042877	salmon	0.0547300548048901	Midday	Air
SRR9042877	turquoise	0.110345346952693	Midday	Air
SRR9042877	royalblue	-0.128149576710817	Midday	Air
SRR9042877	greenyellow	-0.10606172871051	Midday	Air
SRR9042877	lightcyan	-0.0894389593031068	Midday	Air
SRR9042877	grey	-0.000155773950697922	Midday	Air
SRR9042878	pink	0.187374097215706	Midnight	Air
SRR9042878	orange	0.16020705594897	Midnight	Air
SRR9042878	blue	0.114517462833918	Midnight	Air
SRR9042878	yellow	0.105395931688762	Midnight	Air
SRR9042878	brown	0.335163074175957	Midnight	Air
SRR9042878	green	0.179474112863653	Midnight	Air
SRR9042878	darkturquoise	0.0850059148137428	Midnight	Air
SRR9042878	black	-0.0249241432171147	Midnight	Air
SRR9042878	lightgreen	0.197342801351445	Midnight	Air
SRR9042878	darkgreen	-0.248329606618622	Midnight	Air
SRR9042878	midnightblue	-0.0723765677955031	Midnight	Air
SRR9042878	red	-0.337610231841176	Midnight	Air
SRR9042878	tan	-0.194952305810407	Midnight	Air
SRR9042878	darkgrey	-0.144348111131249	Midnight	Air
SRR9042878	magenta	-0.185584453086627	Midnight	Air
SRR9042878	cyan	-0.058780434001607	Midnight	Air
SRR9042878	purple	-0.0974627809452659	Midnight	Air
SRR9042878	darkred	0.137366299386514	Midnight	Air
SRR9042878	lightyellow	0.137574715666224	Midnight	Air
SRR9042878	grey60	0.0144890212766713	Midnight	Air
SRR9042878	salmon	-0.112157440192182	Midnight	Air
SRR9042878	turquoise	-0.24862508734065	Midnight	Air
SRR9042878	royalblue	0.110577675657879	Midnight	Air
SRR9042878	greenyellow	-0.165111967926001	Midnight	Air
SRR9042878	lightcyan	0.0173405794893496	Midnight	Air
SRR9042878	grey	-0.000139056700584653	Midnight	Air
SRR9042879	pink	0.189663806463172	Midnight	Air
SRR9042879	orange	0.15015207589292	Midnight	Air
SRR9042879	blue	0.115077333874448	Midnight	Air
SRR9042879	yellow	0.106952739001821	Midnight	Air
SRR9042879	brown	0.336317875674001	Midnight	Air
SRR9042879	green	0.183931771793646	Midnight	Air
SRR9042879	darkturquoise	0.0807447126706749	Midnight	Air
SRR9042879	black	-0.0203151851154565	Midnight	Air
SRR9042879	lightgreen	0.199044868573138	Midnight	Air
SRR9042879	darkgreen	-0.241292756777438	Midnight	Air
SRR9042879	midnightblue	-0.0791562315382778	Midnight	Air
SRR9042879	red	-0.337636551030683	Midnight	Air
SRR9042879	tan	-0.192162826502909	Midnight	Air
SRR9042879	darkgrey	-0.122965967814209	Midnight	Air
SRR9042879	magenta	-0.180848115683885	Midnight	Air
SRR9042879	cyan	-0.056242376736661	Midnight	Air
SRR9042879	purple	-0.106665772445941	Midnight	Air
SRR9042879	darkred	0.140443920404061	Midnight	Air
SRR9042879	lightyellow	0.141363556054015	Midnight	Air
SRR9042879	grey60	0.0101642725057331	Midnight	Air
SRR9042879	salmon	-0.114960967665612	Midnight	Air
SRR9042879	turquoise	-0.248878137083956	Midnight	Air
SRR9042879	royalblue	0.0960224799851512	Midnight	Air
SRR9042879	greenyellow	-0.157669169497298	Midnight	Air
SRR9042879	lightcyan	0.0200727113706187	Midnight	Air
SRR9042879	grey	-4.74419757889483e-05	Midnight	Air
SRR9042880	pink	0.18628824791954	Midnight	Air
SRR9042880	orange	0.154193513728766	Midnight	Air
SRR9042880	blue	0.114177511207672	Midnight	Air
SRR9042880	yellow	0.102809132499549	Midnight	Air
SRR9042880	brown	0.333974980375008	Midnight	Air
SRR9042880	green	0.179273565944591	Midnight	Air
SRR9042880	darkturquoise	0.0808817543707369	Midnight	Air
SRR9042880	black	-0.0270591495752738	Midnight	Air
SRR9042880	lightgreen	0.187827315502013	Midnight	Air
SRR9042880	darkgreen	-0.244902182520717	Midnight	Air
SRR9042880	midnightblue	-0.0762522855207095	Midnight	Air
SRR9042880	red	-0.336119831789567	Midnight	Air
SRR9042880	tan	-0.188539330011264	Midnight	Air
SRR9042880	darkgrey	-0.139548176006936	Midnight	Air
SRR9042880	magenta	-0.181389357154292	Midnight	Air
SRR9042880	cyan	-0.0676785807659393	Midnight	Air
SRR9042880	purple	-0.109247267896612	Midnight	Air
SRR9042880	darkred	0.143047332266013	Midnight	Air
SRR9042880	lightyellow	0.137773889990083	Midnight	Air
SRR9042880	grey60	0.00745764560243862	Midnight	Air
SRR9042880	salmon	-0.120613069895077	Midnight	Air
SRR9042880	turquoise	-0.252540257705936	Midnight	Air
SRR9042880	royalblue	0.102466712909024	Midnight	Air
SRR9042880	greenyellow	-0.169425176410157	Midnight	Air
SRR9042880	lightcyan	0.0169694036439521	Midnight	Air
SRR9042880	grey	-0.00010326555653942	Midnight	Air
SRR9042881	pink	0.188519268107409	Midnight	Air
SRR9042881	orange	0.155083423837345	Midnight	Air
SRR9042881	blue	0.116192305173337	Midnight	Air
SRR9042881	yellow	0.105855035424942	Midnight	Air
SRR9042881	brown	0.33620103577989	Midnight	Air
SRR9042881	green	0.182893622989283	Midnight	Air
SRR9042881	darkturquoise	0.0806895410123001	Midnight	Air
SRR9042881	black	-0.0280136099527988	Midnight	Air
SRR9042881	lightgreen	0.187016633265702	Midnight	Air
SRR9042881	darkgreen	-0.234605486608969	Midnight	Air
SRR9042881	midnightblue	-0.0782650472879262	Midnight	Air
SRR9042881	red	-0.342277969408459	Midnight	Air
SRR9042881	tan	-0.178933873434887	Midnight	Air
SRR9042881	darkgrey	-0.123596492416955	Midnight	Air
SRR9042881	magenta	-0.17756571444548	Midnight	Air
SRR9042881	cyan	-0.0645816986079591	Midnight	Air
SRR9042881	purple	-0.111526188498451	Midnight	Air
SRR9042881	darkred	0.147129689900527	Midnight	Air
SRR9042881	lightyellow	0.137625097162778	Midnight	Air
SRR9042881	grey60	0.0157177988171585	Midnight	Air
SRR9042881	salmon	-0.112646350132711	Midnight	Air
SRR9042881	turquoise	-0.244400347890653	Midnight	Air
SRR9042881	royalblue	0.100760531878047	Midnight	Air
SRR9042881	greenyellow	-0.163277647688189	Midnight	Air
SRR9042881	lightcyan	0.0189761845905289	Midnight	Air
SRR9042881	grey	-2.07019699693902e-05	Midnight	Air
SRR9042882	pink	0.0730404465703732	Midnight	Air
SRR9042882	orange	0.131330026922959	Midnight	Air
SRR9042882	blue	0.083323945350369	Midnight	Air
SRR9042882	yellow	0.123942373321425	Midnight	Air
SRR9042882	brown	0.391768340353744	Midnight	Air
SRR9042882	green	0.26659586002629	Midnight	Air
SRR9042882	darkturquoise	0.0608640628929689	Midnight	Air
SRR9042882	black	-0.00416636793954243	Midnight	Air
SRR9042882	lightgreen	0.247673635888116	Midnight	Air
SRR9042882	darkgreen	-0.339111125526084	Midnight	Air
SRR9042882	midnightblue	-0.129773609781401	Midnight	Air
SRR9042882	red	-0.359848712852091	Midnight	Air
SRR9042882	tan	-0.234146673509456	Midnight	Air
SRR9042882	darkgrey	-0.19527958685389	Midnight	Air
SRR9042882	magenta	-0.153168855470536	Midnight	Air
SRR9042882	cyan	-0.0468010658388486	Midnight	Air
SRR9042882	purple	-0.085176049226034	Midnight	Air
SRR9042882	darkred	0.220396400813761	Midnight	Air
SRR9042882	lightyellow	0.122354880005872	Midnight	Air
SRR9042882	grey60	-0.0305349613772796	Midnight	Air
SRR9042882	salmon	-0.0710412412950699	Midnight	Air
SRR9042882	turquoise	-0.216712802383233	Midnight	Air
SRR9042882	royalblue	0.104784240718167	Midnight	Air
SRR9042882	greenyellow	-0.243704674208539	Midnight	Air
SRR9042882	lightcyan	-0.0522250027484717	Midnight	Air
SRR9042882	grey	-5.85706254410679e-05	Midnight	Air
SRR9042883	pink	0.0703989065794417	Midnight	Air
SRR9042883	orange	0.151329479096195	Midnight	Air
SRR9042883	blue	0.083190284840961	Midnight	Air
SRR9042883	yellow	0.120575460873039	Midnight	Air
SRR9042883	brown	0.39175877267724	Midnight	Air
SRR9042883	green	0.268474965042468	Midnight	Air
SRR9042883	darkturquoise	0.0576392755986037	Midnight	Air
SRR9042883	black	-0.00453152984433867	Midnight	Air
SRR9042883	lightgreen	0.241758609731654	Midnight	Air
SRR9042883	darkgreen	-0.337686414316831	Midnight	Air
SRR9042883	midnightblue	-0.121697659836935	Midnight	Air
SRR9042883	red	-0.362922727227234	Midnight	Air
SRR9042883	tan	-0.240787644737317	Midnight	Air
SRR9042883	darkgrey	-0.191431930383926	Midnight	Air
SRR9042883	magenta	-0.151554073252416	Midnight	Air
SRR9042883	cyan	-0.0404253958220984	Midnight	Air
SRR9042883	purple	-0.090089647640414	Midnight	Air
SRR9042883	darkred	0.226287471613278	Midnight	Air
SRR9042883	lightyellow	0.129897541485912	Midnight	Air
SRR9042883	grey60	-0.0301576732790299	Midnight	Air
SRR9042883	salmon	-0.0700753222027462	Midnight	Air
SRR9042883	turquoise	-0.218662311383074	Midnight	Air
SRR9042883	royalblue	0.0994109092211233	Midnight	Air
SRR9042883	greenyellow	-0.25377255183048	Midnight	Air
SRR9042883	lightcyan	-0.0447713969345167	Midnight	Air
SRR9042883	grey	1.84084773500293e-05	Midnight	Air
SRR9042884	pink	0.0740252631251237	Midnight	Air
SRR9042884	orange	0.151379478229761	Midnight	Air
SRR9042884	blue	0.0828688066464911	Midnight	Air
SRR9042884	yellow	0.119935528487573	Midnight	Air
SRR9042884	brown	0.39326804398692	Midnight	Air
SRR9042884	green	0.26798612563403	Midnight	Air
SRR9042884	darkturquoise	0.0608659241838257	Midnight	Air
SRR9042884	black	-0.00210506970788725	Midnight	Air
SRR9042884	lightgreen	0.244579762093988	Midnight	Air
SRR9042884	darkgreen	-0.356666047437361	Midnight	Air
SRR9042884	midnightblue	-0.118287692622414	Midnight	Air
SRR9042884	red	-0.365222811142631	Midnight	Air
SRR9042884	tan	-0.242719307586774	Midnight	Air
SRR9042884	darkgrey	-0.191941107367181	Midnight	Air
SRR9042884	magenta	-0.149797221912111	Midnight	Air
SRR9042884	cyan	-0.0454161636760976	Midnight	Air
SRR9042884	purple	-0.0838360890356872	Midnight	Air
SRR9042884	darkred	0.214709862089031	Midnight	Air
SRR9042884	lightyellow	0.121854185900729	Midnight	Air
SRR9042884	grey60	-0.0255563729512984	Midnight	Air
SRR9042884	salmon	-0.0784632800668843	Midnight	Air
SRR9042884	turquoise	-0.218082609744508	Midnight	Air
SRR9042884	royalblue	0.0954929502245777	Midnight	Air
SRR9042884	greenyellow	-0.256186236369453	Midnight	Air
SRR9042884	lightcyan	-0.0474705857674932	Midnight	Air
SRR9042884	grey	0.000129751814989533	Midnight	Air
SRR9042886	pink	0.329075311443168	Midnight	Air
SRR9042886	orange	0.0723608821077391	Midnight	Air
SRR9042886	blue	0.20366444426867	Midnight	Air
SRR9042886	yellow	0.171304006223744	Midnight	Air
SRR9042886	brown	-0.00997933498468032	Midnight	Air
SRR9042886	green	-0.213786471756852	Midnight	Air
SRR9042886	darkturquoise	-0.0492236380072176	Midnight	Air
SRR9042886	black	0.044669085416716	Midnight	Air
SRR9042886	lightgreen	0.0467493280258129	Midnight	Air
SRR9042886	darkgreen	0.173594684579517	Midnight	Air
SRR9042886	midnightblue	0.0327474137506913	Midnight	Air
SRR9042886	red	0.0273960701266003	Midnight	Air
SRR9042886	tan	0.205318595683788	Midnight	Air
SRR9042886	darkgrey	0.166985127530987	Midnight	Air
SRR9042886	magenta	-0.0621263008947175	Midnight	Air
SRR9042886	cyan	-0.0526142493472828	Midnight	Air
SRR9042886	purple	-0.100892283731574	Midnight	Air
SRR9042886	darkred	-0.0701038202055675	Midnight	Air
SRR9042886	lightyellow	0.00312731047275933	Midnight	Air
SRR9042886	grey60	-0.186273357110192	Midnight	Air
SRR9042886	salmon	-0.20461362342794	Midnight	Air
SRR9042886	turquoise	-0.177344417965347	Midnight	Air
SRR9042886	royalblue	-0.172848694214852	Midnight	Air
SRR9042886	greenyellow	-0.108128795699543	Midnight	Air
SRR9042886	lightcyan	-0.0862149231047469	Midnight	Air
SRR9042886	grey	9.36912498772169e-05	Midnight	Air
SRR9042887	pink	0.33164631044242	Midnight	Air
SRR9042887	orange	0.0713334696606922	Midnight	Air
SRR9042887	blue	0.203843952539127	Midnight	Air
SRR9042887	yellow	0.168671402618049	Midnight	Air
SRR9042887	brown	-0.00940304465762041	Midnight	Air
SRR9042887	green	-0.211110373626981	Midnight	Air
SRR9042887	darkturquoise	-0.0518531225429582	Midnight	Air
SRR9042887	black	0.0543352243227177	Midnight	Air
SRR9042887	lightgreen	0.0446117884300217	Midnight	Air
SRR9042887	darkgreen	0.155417869936028	Midnight	Air
SRR9042887	midnightblue	0.0313763378357503	Midnight	Air
SRR9042887	red	0.0257129478882959	Midnight	Air
SRR9042887	tan	0.210322195127953	Midnight	Air
SRR9042887	darkgrey	0.16435240898455	Midnight	Air
SRR9042887	magenta	-0.0537504456686813	Midnight	Air
SRR9042887	cyan	-0.0567520624973133	Midnight	Air
SRR9042887	purple	-0.110381552781631	Midnight	Air
SRR9042887	darkred	-0.0586175124287031	Midnight	Air
SRR9042887	lightyellow	0.0161244327662275	Midnight	Air
SRR9042887	grey60	-0.193139661456615	Midnight	Air
SRR9042887	salmon	-0.207623557098254	Midnight	Air
SRR9042887	turquoise	-0.175686643066875	Midnight	Air
SRR9042887	royalblue	-0.175115062751266	Midnight	Air
SRR9042887	greenyellow	-0.104456526817439	Midnight	Air
SRR9042887	lightcyan	-0.0937551323765452	Midnight	Air
SRR9042887	grey	9.94491580951872e-06	Midnight	Air
SRR9042888	pink	0.334404490198807	Midnight	Air
SRR9042888	orange	0.066775914179159	Midnight	Air
SRR9042888	blue	0.203634072620633	Midnight	Air
SRR9042888	yellow	0.171016740648841	Midnight	Air
SRR9042888	brown	-0.0103789158698322	Midnight	Air
SRR9042888	green	-0.212881600099906	Midnight	Air
SRR9042888	darkturquoise	-0.0546834595418933	Midnight	Air
SRR9042888	black	0.051506903244891	Midnight	Air
SRR9042888	lightgreen	0.0421345484580078	Midnight	Air
SRR9042888	darkgreen	0.171627297579408	Midnight	Air
SRR9042888	midnightblue	0.0310971519873628	Midnight	Air
SRR9042888	red	0.028703580932138	Midnight	Air
SRR9042888	tan	0.204872953413441	Midnight	Air
SRR9042888	darkgrey	0.156733048802463	Midnight	Air
SRR9042888	magenta	-0.0462592248606663	Midnight	Air
SRR9042888	cyan	-0.0570752495016843	Midnight	Air
SRR9042888	purple	-0.102171280230253	Midnight	Air
SRR9042888	darkred	-0.0589263283560562	Midnight	Air
SRR9042888	lightyellow	0.00995594031311458	Midnight	Air
SRR9042888	grey60	-0.184190599625166	Midnight	Air
SRR9042888	salmon	-0.212222595198745	Midnight	Air
SRR9042888	turquoise	-0.176379707035002	Midnight	Air
SRR9042888	royalblue	-0.169194819784136	Midnight	Air
SRR9042888	greenyellow	-0.107256199514034	Midnight	Air
SRR9042888	lightcyan	-0.0893008451837979	Midnight	Air
SRR9042888	grey	6.15353578766327e-05	Midnight	Air
SRR9042889	pink	0.33475354298905	Midnight	Air
SRR9042889	orange	0.0580918897259144	Midnight	Air
SRR9042889	blue	0.204702705834868	Midnight	Air
SRR9042889	yellow	0.171023270593293	Midnight	Air
SRR9042889	brown	-0.00681873034497006	Midnight	Air
SRR9042889	green	-0.208667202427503	Midnight	Air
SRR9042889	darkturquoise	-0.0497453202645449	Midnight	Air
SRR9042889	black	0.0502810122493265	Midnight	Air
SRR9042889	lightgreen	0.0476857843187862	Midnight	Air
SRR9042889	darkgreen	0.165320684387801	Midnight	Air
SRR9042889	midnightblue	0.0319039660769319	Midnight	Air
SRR9042889	red	0.0261155789007986	Midnight	Air
SRR9042889	tan	0.214808168259411	Midnight	Air
SRR9042889	darkgrey	0.177498441960588	Midnight	Air
SRR9042889	magenta	-0.0509840048365728	Midnight	Air
SRR9042889	cyan	-0.05841675009727	Midnight	Air
SRR9042889	purple	-0.10362032722345	Midnight	Air
SRR9042889	darkred	-0.0563917074522095	Midnight	Air
SRR9042889	lightyellow	0.012818639076619	Midnight	Air
SRR9042889	grey60	-0.195703814991978	Midnight	Air
SRR9042889	salmon	-0.217100664733278	Midnight	Air
SRR9042889	turquoise	-0.175665500164891	Midnight	Air
SRR9042889	royalblue	-0.163643279721414	Midnight	Air
SRR9042889	greenyellow	-0.111773078933976	Midnight	Air
SRR9042889	lightcyan	-0.0927896169829155	Midnight	Air
SRR9042889	grey	0.000121138348944913	Midnight	Air
SRR9042890	pink	-0.0732035871486124	Midnight	Air
SRR9042890	orange	0.11501893792667	Midnight	Air
SRR9042890	blue	0.0649727542990969	Midnight	Air
SRR9042890	yellow	0.0660912356258758	Midnight	Air
SRR9042890	brown	-0.0214137324082132	Midnight	Air
SRR9042890	green	-0.0652288034750545	Midnight	Air
SRR9042890	darkturquoise	-0.159607753403547	Midnight	Air
SRR9042890	black	-0.0482368534227214	Midnight	Air
SRR9042890	lightgreen	-0.0927457838580739	Midnight	Air
SRR9042890	darkgreen	-0.0679015658244177	Midnight	Air
SRR9042890	midnightblue	-0.145164349099044	Midnight	Air
SRR9042890	red	0.0430714436913666	Midnight	Air
SRR9042890	tan	0.052590477788961	Midnight	Air
SRR9042890	darkgrey	-0.0115451244647827	Midnight	Air
SRR9042890	magenta	0.0821964792973292	Midnight	Air
SRR9042890	cyan	0.276430541380462	Midnight	Air
SRR9042890	purple	0.0886534528312767	Midnight	Air
SRR9042890	darkred	0.0834841992670092	Midnight	Air
SRR9042890	lightyellow	0.181067431360043	Midnight	Air
SRR9042890	grey60	0.0446787406551619	Midnight	Air
SRR9042890	salmon	-0.0289457011389762	Midnight	Air
SRR9042890	turquoise	-0.0590644306233068	Midnight	Air
SRR9042890	royalblue	-0.062621222389834	Midnight	Air
SRR9042890	greenyellow	-0.082573349400948	Midnight	Air
SRR9042890	lightcyan	-0.124285923756207	Midnight	Air
SRR9042890	grey	-0.000153385087755432	Midnight	Air
SRR9042891	pink	-0.0708322928377312	Midnight	Air
SRR9042891	orange	0.110578075237108	Midnight	Air
SRR9042891	blue	0.0657460930028042	Midnight	Air
SRR9042891	yellow	0.0665029718949378	Midnight	Air
SRR9042891	brown	-0.0194627326773281	Midnight	Air
SRR9042891	green	-0.0607071524961459	Midnight	Air
SRR9042891	darkturquoise	-0.15673482470971	Midnight	Air
SRR9042891	black	-0.0466379548718495	Midnight	Air
SRR9042891	lightgreen	-0.102197392281769	Midnight	Air
SRR9042891	darkgreen	-0.0596563835301856	Midnight	Air
SRR9042891	midnightblue	-0.138812642886067	Midnight	Air
SRR9042891	red	0.0415225955746407	Midnight	Air
SRR9042891	tan	0.0545483834428294	Midnight	Air
SRR9042891	darkgrey	0.00320721071787138	Midnight	Air
SRR9042891	magenta	0.0863680598573883	Midnight	Air
SRR9042891	cyan	0.27593390173833	Midnight	Air
SRR9042891	purple	0.0959273607785698	Midnight	Air
SRR9042891	darkred	0.0886775593637254	Midnight	Air
SRR9042891	lightyellow	0.181431554900323	Midnight	Air
SRR9042891	grey60	0.0400567616995517	Midnight	Air
SRR9042891	salmon	-0.0272015131870013	Midnight	Air
SRR9042891	turquoise	-0.0572018191814479	Midnight	Air
SRR9042891	royalblue	-0.0735855617788533	Midnight	Air
SRR9042891	greenyellow	-0.0771609772979317	Midnight	Air
SRR9042891	lightcyan	-0.121338687974249	Midnight	Air
SRR9042891	grey	-0.00024192297582966	Midnight	Air
SRR9042892	pink	-0.0734695042523107	Midnight	Air
SRR9042892	orange	0.119540966978985	Midnight	Air
SRR9042892	blue	0.0666572494592454	Midnight	Air
SRR9042892	yellow	0.0679598849703339	Midnight	Air
SRR9042892	brown	-0.0190527786155319	Midnight	Air
SRR9042892	green	-0.0629554651354647	Midnight	Air
SRR9042892	darkturquoise	-0.153425796042989	Midnight	Air
SRR9042892	black	-0.0470899416048152	Midnight	Air
SRR9042892	lightgreen	-0.104189882303444	Midnight	Air
SRR9042892	darkgreen	-0.063246468972029	Midnight	Air
SRR9042892	midnightblue	-0.145209428792391	Midnight	Air
SRR9042892	red	0.0464577166818179	Midnight	Air
SRR9042892	tan	0.055052136127667	Midnight	Air
SRR9042892	darkgrey	0.00567316578117985	Midnight	Air
SRR9042892	magenta	0.0857857454272311	Midnight	Air
SRR9042892	cyan	0.277578274678725	Midnight	Air
SRR9042892	purple	0.0892296166332363	Midnight	Air
SRR9042892	darkred	0.0894218038714257	Midnight	Air
SRR9042892	lightyellow	0.182164383447152	Midnight	Air
SRR9042892	grey60	0.0435017593561779	Midnight	Air
SRR9042892	salmon	-0.0326815100571011	Midnight	Air
SRR9042892	turquoise	-0.0565911486800452	Midnight	Air
SRR9042892	royalblue	-0.067469976856589	Midnight	Air
SRR9042892	greenyellow	-0.0814661306513122	Midnight	Air
SRR9042892	lightcyan	-0.118680209461302	Midnight	Air
SRR9042892	grey	-0.000233782501007589	Midnight	Air
SRR9042893	pink	-0.0652235719128877	Midnight	Air
SRR9042893	orange	0.109173255718615	Midnight	Air
SRR9042893	blue	0.0653884513522504	Midnight	Air
SRR9042893	yellow	0.0674901215603548	Midnight	Air
SRR9042893	brown	-0.0207538485379495	Midnight	Air
SRR9042893	green	-0.0632522430390597	Midnight	Air
SRR9042893	darkturquoise	-0.15766073169941	Midnight	Air
SRR9042893	black	-0.0458698241664791	Midnight	Air
SRR9042893	lightgreen	-0.112844327147163	Midnight	Air
SRR9042893	darkgreen	-0.061685751620109	Midnight	Air
SRR9042893	midnightblue	-0.146044941573409	Midnight	Air
SRR9042893	red	0.0438384689662925	Midnight	Air
SRR9042893	tan	0.0529770753152815	Midnight	Air
SRR9042893	darkgrey	-0.00904237118880157	Midnight	Air
SRR9042893	magenta	0.085248337834858	Midnight	Air
SRR9042893	cyan	0.279030484765466	Midnight	Air
SRR9042893	purple	0.0926155399917539	Midnight	Air
SRR9042893	darkred	0.0820069150249536	Midnight	Air
SRR9042893	lightyellow	0.185488488376573	Midnight	Air
SRR9042893	grey60	0.0397657493822583	Midnight	Air
SRR9042893	salmon	-0.0324568896613485	Midnight	Air
SRR9042893	turquoise	-0.0577483671289031	Midnight	Air
SRR9042893	royalblue	-0.0763935439981381	Midnight	Air
SRR9042893	greenyellow	-0.0786211378261788	Midnight	Air
SRR9042893	lightcyan	-0.126612439778747	Midnight	Air
SRR9042893	grey	-0.00025984524656205	Midnight	Air
SRR9042894	pink	-0.0838782215083344	Midnight	Air
SRR9042894	orange	0.175494727152804	Midnight	Air
SRR9042894	blue	0.0548177846096015	Midnight	Air
SRR9042894	yellow	0.068460220581798	Midnight	Air
SRR9042894	brown	-0.0209356127009591	Midnight	Air
SRR9042894	green	-0.059158548530346	Midnight	Air
SRR9042894	darkturquoise	-0.115088715104223	Midnight	Air
SRR9042894	black	-0.0131727697236146	Midnight	Air
SRR9042894	lightgreen	-0.0973679911856189	Midnight	Air
SRR9042894	darkgreen	-0.0860110535433733	Midnight	Air
SRR9042894	midnightblue	-0.160963004691619	Midnight	Air
SRR9042894	red	0.0423553031964731	Midnight	Air
SRR9042894	tan	0.0403340902936496	Midnight	Air
SRR9042894	darkgrey	-0.0361732338239219	Midnight	Air
SRR9042894	magenta	0.0737912351716632	Midnight	Air
SRR9042894	cyan	-0.0202819530233264	Midnight	Air
SRR9042894	purple	0.09731060970207	Midnight	Air
SRR9042894	darkred	0.0859653676780777	Midnight	Air
SRR9042894	lightyellow	0.149865639185789	Midnight	Air
SRR9042894	grey60	0.0848233796700207	Midnight	Air
SRR9042894	salmon	-0.0348407810579997	Midnight	Air
SRR9042894	turquoise	-0.0577198617011051	Midnight	Air
SRR9042894	royalblue	-0.0321906599142958	Midnight	Air
SRR9042894	greenyellow	-0.0367569623822963	Midnight	Air
SRR9042894	lightcyan	-0.097875125678065	Midnight	Air
SRR9042894	grey	-0.000181919140519903	Midnight	Air
SRR9042895	pink	-0.0759454113530705	Midnight	Air
SRR9042895	orange	0.179942132728227	Midnight	Air
SRR9042895	blue	0.0552340411762427	Midnight	Air
SRR9042895	yellow	0.0679616982860255	Midnight	Air
SRR9042895	brown	-0.0198770214546527	Midnight	Air
SRR9042895	green	-0.0531629963933776	Midnight	Air
SRR9042895	darkturquoise	-0.112960866852068	Midnight	Air
SRR9042895	black	-0.0135115496866643	Midnight	Air
SRR9042895	lightgreen	-0.09565706673693	Midnight	Air
SRR9042895	darkgreen	-0.0875528628105602	Midnight	Air
SRR9042895	midnightblue	-0.158219769209497	Midnight	Air
SRR9042895	red	0.0443981616872427	Midnight	Air
SRR9042895	tan	0.0473699323288665	Midnight	Air
SRR9042895	darkgrey	-0.0396641528404227	Midnight	Air
SRR9042895	magenta	0.0703676379275866	Midnight	Air
SRR9042895	cyan	-0.018097220529922	Midnight	Air
SRR9042895	purple	0.104194491192961	Midnight	Air
SRR9042895	darkred	0.0931985590780128	Midnight	Air
SRR9042895	lightyellow	0.156066140229041	Midnight	Air
SRR9042895	grey60	0.0899532054805646	Midnight	Air
SRR9042895	salmon	-0.0311390606318457	Midnight	Air
SRR9042895	turquoise	-0.0559038379535699	Midnight	Air
SRR9042895	royalblue	-0.029377105859494	Midnight	Air
SRR9042895	greenyellow	-0.0340945740472286	Midnight	Air
SRR9042895	lightcyan	-0.0933419446363509	Midnight	Air
SRR9042895	grey	-0.000230970748136716	Midnight	Air
SRR9042896	pink	-0.082405765872779	Midnight	Air
SRR9042896	orange	0.178006319230191	Midnight	Air
SRR9042896	blue	0.0546457817860064	Midnight	Air
SRR9042896	yellow	0.069594178965275	Midnight	Air
SRR9042896	brown	-0.0194623684662482	Midnight	Air
SRR9042896	green	-0.05703120738424	Midnight	Air
SRR9042896	darkturquoise	-0.121452808471501	Midnight	Air
SRR9042896	black	-0.0138268873945103	Midnight	Air
SRR9042896	lightgreen	-0.0971218859971848	Midnight	Air
SRR9042896	darkgreen	-0.0829951898140008	Midnight	Air
SRR9042896	midnightblue	-0.158997157112256	Midnight	Air
SRR9042896	red	0.0448710605329236	Midnight	Air
SRR9042896	tan	0.0429681183111371	Midnight	Air
SRR9042896	darkgrey	-0.0391980563594688	Midnight	Air
SRR9042896	magenta	0.0674028897586971	Midnight	Air
SRR9042896	cyan	-0.0128253286791556	Midnight	Air
SRR9042896	purple	0.0989796676254557	Midnight	Air
SRR9042896	darkred	0.0908936741947562	Midnight	Air
SRR9042896	lightyellow	0.155185333728604	Midnight	Air
SRR9042896	grey60	0.0854377659369448	Midnight	Air
SRR9042896	salmon	-0.0364846561745642	Midnight	Air
SRR9042896	turquoise	-0.0574466352552738	Midnight	Air
SRR9042896	royalblue	-0.0337684046643266	Midnight	Air
SRR9042896	greenyellow	-0.0311228777874707	Midnight	Air
SRR9042896	lightcyan	-0.0933748875067363	Midnight	Air
SRR9042896	grey	0.000179239710728146	Midnight	Air
SRR9042897	pink	-0.0818164348767818	Midnight	Air
SRR9042897	orange	0.175070263027117	Midnight	Air
SRR9042897	blue	0.0546449380918423	Midnight	Air
SRR9042897	yellow	0.0703665673470725	Midnight	Air
SRR9042897	brown	-0.0188284077247462	Midnight	Air
SRR9042897	green	-0.0561453989893789	Midnight	Air
SRR9042897	darkturquoise	-0.12269857304527	Midnight	Air
SRR9042897	black	-0.0144340969280222	Midnight	Air
SRR9042897	lightgreen	-0.100617404650371	Midnight	Air
SRR9042897	darkgreen	-0.100032214233463	Midnight	Air
SRR9042897	midnightblue	-0.161722991949135	Midnight	Air
SRR9042897	red	0.0413181036411692	Midnight	Air
SRR9042897	tan	0.0415976000060169	Midnight	Air
SRR9042897	darkgrey	-0.0399828563762364	Midnight	Air
SRR9042897	magenta	0.0705319322908765	Midnight	Air
SRR9042897	cyan	-0.0170172115366917	Midnight	Air
SRR9042897	purple	0.102744699925322	Midnight	Air
SRR9042897	darkred	0.0911512739586891	Midnight	Air
SRR9042897	lightyellow	0.153808643119501	Midnight	Air
SRR9042897	grey60	0.0936473042756705	Midnight	Air
SRR9042897	salmon	-0.0315311410073156	Midnight	Air
SRR9042897	turquoise	-0.056833005612587	Midnight	Air
SRR9042897	royalblue	-0.034026101578416	Midnight	Air
SRR9042897	greenyellow	-0.0341448525065191	Midnight	Air
SRR9042897	lightcyan	-0.0880949203922906	Midnight	Air
SRR9042897	grey	-0.000190308506514053	Midnight	Air
SRR9042898	pink	-0.0678352507857029	Midnight	Air
SRR9042898	orange	0.0805598889100346	Midnight	Air
SRR9042898	blue	0.0682828128053907	Midnight	Air
SRR9042898	yellow	0.10926756442517	Midnight	Air
SRR9042898	brown	-0.0398939713029795	Midnight	Air
SRR9042898	green	-0.107986759476226	Midnight	Air
SRR9042898	darkturquoise	-0.111814555158312	Midnight	Air
SRR9042898	black	-0.00466331277372562	Midnight	Air
SRR9042898	lightgreen	-0.0923152262993844	Midnight	Air
SRR9042898	darkgreen	-0.0716074583148871	Midnight	Air
SRR9042898	midnightblue	-0.15397689019189	Midnight	Air
SRR9042898	red	0.0712226331636371	Midnight	Air
SRR9042898	tan	0.0802599883121713	Midnight	Air
SRR9042898	darkgrey	-0.0304593349988409	Midnight	Air
SRR9042898	magenta	0.048766307102701	Midnight	Air
SRR9042898	cyan	0.00795406691688361	Midnight	Air
SRR9042898	purple	0.0781996096283275	Midnight	Air
SRR9042898	darkred	0.0829971024947467	Midnight	Air
SRR9042898	lightyellow	0.0860641341853832	Midnight	Air
SRR9042898	grey60	0.133811538904091	Midnight	Air
SRR9042898	salmon	-0.0769363403456687	Midnight	Air
SRR9042898	turquoise	-0.0664158889045446	Midnight	Air
SRR9042898	royalblue	0.00780477783532356	Midnight	Air
SRR9042898	greenyellow	0.00375315622774635	Midnight	Air
SRR9042898	lightcyan	-0.0786926402295405	Midnight	Air
SRR9042898	grey	2.9688066230604e-05	Midnight	Air
SRR9042899	pink	-0.0702159409736021	Midnight	Air
SRR9042899	orange	0.0929098008139224	Midnight	Air
SRR9042899	blue	0.0694631107076993	Midnight	Air
SRR9042899	yellow	0.110958233758554	Midnight	Air
SRR9042899	brown	-0.0395978261548673	Midnight	Air
SRR9042899	green	-0.108319381567985	Midnight	Air
SRR9042899	darkturquoise	-0.107582800625636	Midnight	Air
SRR9042899	black	-0.00210033651315061	Midnight	Air
SRR9042899	lightgreen	-0.0842840791165528	Midnight	Air
SRR9042899	darkgreen	-0.0654359690314968	Midnight	Air
SRR9042899	midnightblue	-0.150404200201103	Midnight	Air
SRR9042899	red	0.0693989510468941	Midnight	Air
SRR9042899	tan	0.0795463094222109	Midnight	Air
SRR9042899	darkgrey	-0.037974169336248	Midnight	Air
SRR9042899	magenta	0.0581972786077168	Midnight	Air
SRR9042899	cyan	0.00744960989211033	Midnight	Air
SRR9042899	purple	0.0785482659748999	Midnight	Air
SRR9042899	darkred	0.0838350298765225	Midnight	Air
SRR9042899	lightyellow	0.0902047936566075	Midnight	Air
SRR9042899	grey60	0.139270103468342	Midnight	Air
SRR9042899	salmon	-0.0782947018068243	Midnight	Air
SRR9042899	turquoise	-0.0649905694128824	Midnight	Air
SRR9042899	royalblue	0.00883119445853931	Midnight	Air
SRR9042899	greenyellow	0.000813613142029768	Midnight	Air
SRR9042899	lightcyan	-0.0828515740980146	Midnight	Air
SRR9042899	grey	0.000142147335150715	Midnight	Air
SRR9042900	pink	-0.0709359525704782	Midnight	Air
SRR9042900	orange	0.0871686562581385	Midnight	Air
SRR9042900	blue	0.0694572397808	Midnight	Air
SRR9042900	yellow	0.110544615659867	Midnight	Air
SRR9042900	brown	-0.0399039955789992	Midnight	Air
SRR9042900	green	-0.106330644976813	Midnight	Air
SRR9042900	darkturquoise	-0.114157673316189	Midnight	Air
SRR9042900	black	-0.0059791318636388	Midnight	Air
SRR9042900	lightgreen	-0.0888618538564506	Midnight	Air
SRR9042900	darkgreen	-0.0506988689957286	Midnight	Air
SRR9042900	midnightblue	-0.157383402354612	Midnight	Air
SRR9042900	red	0.0698852926091154	Midnight	Air
SRR9042900	tan	0.0821036112258074	Midnight	Air
SRR9042900	darkgrey	-0.0219078082695643	Midnight	Air
SRR9042900	magenta	0.0552522100467299	Midnight	Air
SRR9042900	cyan	0.0110392735189657	Midnight	Air
SRR9042900	purple	0.0780117754959344	Midnight	Air
SRR9042900	darkred	0.0859488457065993	Midnight	Air
SRR9042900	lightyellow	0.0810691207546108	Midnight	Air
SRR9042900	grey60	0.129306449637776	Midnight	Air
SRR9042900	salmon	-0.0758599753904283	Midnight	Air
SRR9042900	turquoise	-0.0654320402115154	Midnight	Air
SRR9042900	royalblue	0.0111598190692067	Midnight	Air
SRR9042900	greenyellow	-0.00407834273658671	Midnight	Air
SRR9042900	lightcyan	-0.0855192397961922	Midnight	Air
SRR9042900	grey	0.000129507593283399	Midnight	Air
SRR9042901	pink	-0.072268897864311	Midnight	Air
SRR9042901	orange	0.0918238281963514	Midnight	Air
SRR9042901	blue	0.0689628578139001	Midnight	Air
SRR9042901	yellow	0.112024685246239	Midnight	Air
SRR9042901	brown	-0.0387233113921394	Midnight	Air
SRR9042901	green	-0.105030463422939	Midnight	Air
SRR9042901	darkturquoise	-0.10678011100894	Midnight	Air
SRR9042901	black	0.00214526429094473	Midnight	Air
SRR9042901	lightgreen	-0.0917713266205287	Midnight	Air
SRR9042901	darkgreen	-0.0565464469539828	Midnight	Air
SRR9042901	midnightblue	-0.152232714435586	Midnight	Air
SRR9042901	red	0.0738760981352172	Midnight	Air
SRR9042901	tan	0.0829013532968013	Midnight	Air
SRR9042901	darkgrey	-0.0298807557318105	Midnight	Air
SRR9042901	magenta	0.0527231467352803	Midnight	Air
SRR9042901	cyan	0.00881633775987897	Midnight	Air
SRR9042901	purple	0.0757314726345067	Midnight	Air
SRR9042901	darkred	0.0893913633587519	Midnight	Air
SRR9042901	lightyellow	0.0873885571102771	Midnight	Air
SRR9042901	grey60	0.136427231048668	Midnight	Air
SRR9042901	salmon	-0.0869842694233653	Midnight	Air
SRR9042901	turquoise	-0.0648954989005438	Midnight	Air
SRR9042901	royalblue	0.0160594923768524	Midnight	Air
SRR9042901	greenyellow	-0.000684558555462629	Midnight	Air
SRR9042901	lightcyan	-0.0863519041559464	Midnight	Air
SRR9042901	grey	0.00179999744498206	Midnight	Air
SRR9042902	pink	0.0201416955332397	Midday	Air
SRR9042902	orange	-0.0904695173136436	Midday	Air
SRR9042902	blue	-0.0473968098643636	Midday	Air
SRR9042902	yellow	-0.158438485150238	Midday	Air
SRR9042902	brown	-0.0366310513709683	Midday	Air
SRR9042902	green	0.049548621228158	Midday	Air
SRR9042902	darkturquoise	0.147909175872739	Midday	Air
SRR9042902	black	-0.114607464274674	Midday	Air
SRR9042902	lightgreen	-0.0353718654552165	Midday	Air
SRR9042902	darkgreen	0.0459209384418675	Midday	Air
SRR9042902	midnightblue	0.115697697805395	Midday	Air
SRR9042902	red	-0.00226361984393623	Midday	Air
SRR9042902	tan	-0.0591886362016975	Midday	Air
SRR9042902	darkgrey	0.0814594269037191	Midday	Air
SRR9042902	magenta	0.0384886662515542	Midday	Air
SRR9042902	cyan	-0.0212522474177712	Midday	Air
SRR9042902	purple	0.0584325170971569	Midday	Air
SRR9042902	darkred	-0.0391064942904747	Midday	Air
SRR9042902	lightyellow	-0.044304054667088	Midday	Air
SRR9042902	grey60	0.0263655681808924	Midday	Air
SRR9042902	salmon	0.122960240535877	Midday	Air
SRR9042902	turquoise	0.0754411330616783	Midday	Air
SRR9042902	royalblue	0.11694253070832	Midday	Air
SRR9042902	greenyellow	0.169741271492998	Midday	Air
SRR9042902	lightcyan	0.244801295393308	Midday	Air
SRR9042902	grey	-2.13152182560363e-05	Midday	Air
SRR9042903	pink	0.0182781755747327	Midday	Air
SRR9042903	orange	-0.0923405944814824	Midday	Air
SRR9042903	blue	-0.0461733284337742	Midday	Air
SRR9042903	yellow	-0.160056313491958	Midday	Air
SRR9042903	brown	-0.0367516848748461	Midday	Air
SRR9042903	green	0.0509941761729375	Midday	Air
SRR9042903	darkturquoise	0.157078567748162	Midday	Air
SRR9042903	black	-0.111986015315577	Midday	Air
SRR9042903	lightgreen	-0.0253173169241139	Midday	Air
SRR9042903	darkgreen	0.0349453583731698	Midday	Air
SRR9042903	midnightblue	0.115950182941918	Midday	Air
SRR9042903	red	-0.00131614506363375	Midday	Air
SRR9042903	tan	-0.0526975196619803	Midday	Air
SRR9042903	darkgrey	0.0857483004234882	Midday	Air
SRR9042903	magenta	0.0289360633552354	Midday	Air
SRR9042903	cyan	-0.014610251582042	Midday	Air
SRR9042903	purple	0.0577313015016241	Midday	Air
SRR9042903	darkred	-0.0380660089993602	Midday	Air
SRR9042903	lightyellow	-0.0482525521143758	Midday	Air
SRR9042903	grey60	0.0199750071515801	Midday	Air
SRR9042903	salmon	0.123177084593062	Midday	Air
SRR9042903	turquoise	0.0741684511922144	Midday	Air
SRR9042903	royalblue	0.130720670943524	Midday	Air
SRR9042903	greenyellow	0.169757330612275	Midday	Air
SRR9042903	lightcyan	0.241392067008372	Midday	Air
SRR9042903	grey	0.000100712700990532	Midday	Air
SRR9042904	pink	0.0145135495053925	Midday	Air
SRR9042904	orange	-0.0879158196652017	Midday	Air
SRR9042904	blue	-0.0465407089595122	Midday	Air
SRR9042904	yellow	-0.160243451632229	Midday	Air
SRR9042904	brown	-0.0366700989295977	Midday	Air
SRR9042904	green	0.0514863871646969	Midday	Air
SRR9042904	darkturquoise	0.154635899975639	Midday	Air
SRR9042904	black	-0.113033273009341	Midday	Air
SRR9042904	lightgreen	-0.0276957377668076	Midday	Air
SRR9042904	darkgreen	0.0392799165722413	Midday	Air
SRR9042904	midnightblue	0.120593220066636	Midday	Air
SRR9042904	red	-0.00227548761116507	Midday	Air
SRR9042904	tan	-0.0569240315418495	Midday	Air
SRR9042904	darkgrey	0.0938792622613291	Midday	Air
SRR9042904	magenta	0.0303623735091226	Midday	Air
SRR9042904	cyan	-0.0158600838127156	Midday	Air
SRR9042904	purple	0.056108294213957	Midday	Air
SRR9042904	darkred	-0.0359165490015124	Midday	Air
SRR9042904	lightyellow	-0.0478717568584957	Midday	Air
SRR9042904	grey60	0.0259993347103118	Midday	Air
SRR9042904	salmon	0.118564741644845	Midday	Air
SRR9042904	turquoise	0.0741849104457415	Midday	Air
SRR9042904	royalblue	0.120518902756804	Midday	Air
SRR9042904	greenyellow	0.168072319829393	Midday	Air
SRR9042904	lightcyan	0.2442559677456	Midday	Air
SRR9042904	grey	-3.93234387359218e-05	Midday	Air
SRR9042905	pink	0.0159423769481277	Midday	Air
SRR9042905	orange	-0.0851909713540573	Midday	Air
SRR9042905	blue	-0.0466401536296208	Midday	Air
SRR9042905	yellow	-0.15816725609353	Midday	Air
SRR9042905	brown	-0.0382876788139288	Midday	Air
SRR9042905	green	0.0491844695729084	Midday	Air
SRR9042905	darkturquoise	0.153777348221996	Midday	Air
SRR9042905	black	-0.109195308874572	Midday	Air
SRR9042905	lightgreen	-0.0183050152257856	Midday	Air
SRR9042905	darkgreen	0.0307435991860199	Midday	Air
SRR9042905	midnightblue	0.117525410173876	Midday	Air
SRR9042905	red	-0.000739863991144266	Midday	Air
SRR9042905	tan	-0.057161971830819	Midday	Air
SRR9042905	darkgrey	0.0957852899311182	Midday	Air
SRR9042905	magenta	0.0373844025020532	Midday	Air
SRR9042905	cyan	-0.016423011501873	Midday	Air
SRR9042905	purple	0.059798699078498	Midday	Air
SRR9042905	darkred	-0.037021119886909	Midday	Air
SRR9042905	lightyellow	-0.0418999523270022	Midday	Air
SRR9042905	grey60	0.0346854490627436	Midday	Air
SRR9042905	salmon	0.124434236465187	Midday	Air
SRR9042905	turquoise	0.0762381295925671	Midday	Air
SRR9042905	royalblue	0.12024143969502	Midday	Air
SRR9042905	greenyellow	0.17003556163837	Midday	Air
SRR9042905	lightcyan	0.247403400500364	Midday	Air
SRR9042905	grey	1.67071824767909e-05	Midday	Air
SRR9042906	pink	0.0436557525599252	Midday	Air
SRR9042906	orange	-0.0397676342450836	Midday	Air
SRR9042906	blue	-0.0177603470346938	Midday	Air
SRR9042906	yellow	-0.167173360658789	Midday	Air
SRR9042906	brown	-0.0535763331476734	Midday	Air
SRR9042906	green	0.0102926529029667	Midday	Air
SRR9042906	darkturquoise	0.157949953854943	Midday	Air
SRR9042906	black	-0.130209151912553	Midday	Air
SRR9042906	lightgreen	-0.0604918423111574	Midday	Air
SRR9042906	darkgreen	0.0384825128414554	Midday	Air
SRR9042906	midnightblue	0.113766773162285	Midday	Air
SRR9042906	red	-0.00900023366371328	Midday	Air
SRR9042906	tan	-0.0480485212430376	Midday	Air
SRR9042906	darkgrey	0.118410730756636	Midday	Air
SRR9042906	magenta	0.027816168684987	Midday	Air
SRR9042906	cyan	-0.0512803597760046	Midday	Air
SRR9042906	purple	0.0410975958124356	Midday	Air
SRR9042906	darkred	-0.0511284889264598	Midday	Air
SRR9042906	lightyellow	-0.042778758208702	Midday	Air
SRR9042906	grey60	0.0244517370622545	Midday	Air
SRR9042906	salmon	0.10773947939348	Midday	Air
SRR9042906	turquoise	0.0524547908189087	Midday	Air
SRR9042906	royalblue	0.0319644676396695	Midday	Air
SRR9042906	greenyellow	0.103972814139223	Midday	Air
SRR9042906	lightcyan	0.185524084559847	Midday	Air
SRR9042906	grey	-5.58799410516902e-05	Midday	Air
SRR9042907	pink	0.0407120215787701	Midday	Air
SRR9042907	orange	-0.0375464547060366	Midday	Air
SRR9042907	blue	-0.0171023193851147	Midday	Air
SRR9042907	yellow	-0.167428453128858	Midday	Air
SRR9042907	brown	-0.0547884195940202	Midday	Air
SRR9042907	green	0.0132393760552288	Midday	Air
SRR9042907	darkturquoise	0.168043621551881	Midday	Air
SRR9042907	black	-0.134903445032977	Midday	Air
SRR9042907	lightgreen	-0.0549925695164023	Midday	Air
SRR9042907	darkgreen	0.0467293206381382	Midday	Air
SRR9042907	midnightblue	0.11509694684531	Midday	Air
SRR9042907	red	-0.00632247547247357	Midday	Air
SRR9042907	tan	-0.0499881592888247	Midday	Air
SRR9042907	darkgrey	0.117058324164042	Midday	Air
SRR9042907	magenta	0.0302306538833196	Midday	Air
SRR9042907	cyan	-0.0518759346384465	Midday	Air
SRR9042907	purple	0.0409233679064278	Midday	Air
SRR9042907	darkred	-0.0628431071644019	Midday	Air
SRR9042907	lightyellow	-0.0335298393332561	Midday	Air
SRR9042907	grey60	0.0201444482380145	Midday	Air
SRR9042907	salmon	0.109807231430753	Midday	Air
SRR9042907	turquoise	0.0527846273134605	Midday	Air
SRR9042907	royalblue	0.0372695814858288	Midday	Air
SRR9042907	greenyellow	0.102836391983886	Midday	Air
SRR9042907	lightcyan	0.189727134164274	Midday	Air
SRR9042907	grey	-0.000158119377197181	Midday	Air
SRR9042908	pink	0.0414161152992559	Midday	Air
SRR9042908	orange	-0.0514746738917021	Midday	Air
SRR9042908	blue	-0.0174489392391873	Midday	Air
SRR9042908	yellow	-0.166566409251523	Midday	Air
SRR9042908	brown	-0.0565521009848286	Midday	Air
SRR9042908	green	0.0119706527899826	Midday	Air
SRR9042908	darkturquoise	0.160678512164176	Midday	Air
SRR9042908	black	-0.131527417132401	Midday	Air
SRR9042908	lightgreen	-0.0583796931323355	Midday	Air
SRR9042908	darkgreen	0.0497937837667675	Midday	Air
SRR9042908	midnightblue	0.117650277999868	Midday	Air
SRR9042908	red	-0.00759791871966969	Midday	Air
SRR9042908	tan	-0.0464750568215936	Midday	Air
SRR9042908	darkgrey	0.117118525306197	Midday	Air
SRR9042908	magenta	0.0317529482441463	Midday	Air
SRR9042908	cyan	-0.0521551363776033	Midday	Air
SRR9042908	purple	0.038382408642952	Midday	Air
SRR9042908	darkred	-0.0630313159135741	Midday	Air
SRR9042908	lightyellow	-0.0344645251740481	Midday	Air
SRR9042908	grey60	0.021259218241737	Midday	Air
SRR9042908	salmon	0.106582066544793	Midday	Air
SRR9042908	turquoise	0.0529334584181841	Midday	Air
SRR9042908	royalblue	0.031157540215785	Midday	Air
SRR9042908	greenyellow	0.104432717386589	Midday	Air
SRR9042908	lightcyan	0.182494453545218	Midday	Air
SRR9042908	grey	-4.68564860690043e-05	Midday	Air
SRR9042909	pink	0.0434529274963877	Midday	Air
SRR9042909	orange	-0.0452245576977826	Midday	Air
SRR9042909	blue	-0.0173756181132504	Midday	Air
SRR9042909	yellow	-0.167199049942219	Midday	Air
SRR9042909	brown	-0.0523379928960074	Midday	Air
SRR9042909	green	0.0124833372897072	Midday	Air
SRR9042909	darkturquoise	0.161585908139031	Midday	Air
SRR9042909	black	-0.131167734925206	Midday	Air
SRR9042909	lightgreen	-0.0584828892746979	Midday	Air
SRR9042909	darkgreen	0.043222604524144	Midday	Air
SRR9042909	midnightblue	0.116507917402816	Midday	Air
SRR9042909	red	-0.00641066286163499	Midday	Air
SRR9042909	tan	-0.0495316224714142	Midday	Air
SRR9042909	darkgrey	0.120688945480573	Midday	Air
SRR9042909	magenta	0.0284599716309886	Midday	Air
SRR9042909	cyan	-0.0486188147641024	Midday	Air
SRR9042909	purple	0.0464366616411604	Midday	Air
SRR9042909	darkred	-0.0607522605808872	Midday	Air
SRR9042909	lightyellow	-0.0344222110720225	Midday	Air
SRR9042909	grey60	0.0292146016569976	Midday	Air
SRR9042909	salmon	0.11064292688247	Midday	Air
SRR9042909	turquoise	0.0535372615685002	Midday	Air
SRR9042909	royalblue	0.0386459224358602	Midday	Air
SRR9042909	greenyellow	0.100559509594586	Midday	Air
SRR9042909	lightcyan	0.187561143869163	Midday	Air
SRR9042909	grey	-8.21743838109359e-05	Midday	Air
SRR9042910	pink	0.0358511266155011	Midday	Air
SRR9042910	orange	-0.0328876231817334	Midday	Air
SRR9042910	blue	-0.0444150559377261	Midday	Air
SRR9042910	yellow	-0.166523063439149	Midday	Air
SRR9042910	brown	-0.046673076352189	Midday	Air
SRR9042910	green	0.0374570489632017	Midday	Air
SRR9042910	darkturquoise	0.120610548550259	Midday	Air
SRR9042910	black	-0.111642471639173	Midday	Air
SRR9042910	lightgreen	-0.0397160618043734	Midday	Air
SRR9042910	darkgreen	0.040290098541565	Midday	Air
SRR9042910	midnightblue	0.129957300718202	Midday	Air
SRR9042910	red	-0.0064452436506704	Midday	Air
SRR9042910	tan	-0.0667568122820891	Midday	Air
SRR9042910	darkgrey	0.100372851786368	Midday	Air
SRR9042910	magenta	0.0299435032202577	Midday	Air
SRR9042910	cyan	0.324897784282917	Midday	Air
SRR9042910	purple	0.0414359644862081	Midday	Air
SRR9042910	darkred	-0.0328710865925646	Midday	Air
SRR9042910	lightyellow	-0.0262492866755829	Midday	Air
SRR9042910	grey60	-0.0486994608270984	Midday	Air
SRR9042910	salmon	0.115610355664894	Midday	Air
SRR9042910	turquoise	0.0721688131288941	Midday	Air
SRR9042910	royalblue	0.0408190804696718	Midday	Air
SRR9042910	greenyellow	0.0837334561596458	Midday	Air
SRR9042910	lightcyan	0.145604558027928	Midday	Air
SRR9042910	grey	-5.48220382666152e-05	Midday	Air
SRR9042911	pink	0.0349935950331075	Midday	Air
SRR9042911	orange	-0.0330497595277099	Midday	Air
SRR9042911	blue	-0.0439530939942687	Midday	Air
SRR9042911	yellow	-0.165698076027036	Midday	Air
SRR9042911	brown	-0.0491717748802533	Midday	Air
SRR9042911	green	0.0351181507035141	Midday	Air
SRR9042911	darkturquoise	0.124086392656451	Midday	Air
SRR9042911	black	-0.110753366337726	Midday	Air
SRR9042911	lightgreen	-0.0403953064577084	Midday	Air
SRR9042911	darkgreen	0.0502814141835849	Midday	Air
SRR9042911	midnightblue	0.128299447394488	Midday	Air
SRR9042911	red	-0.00802366197207828	Midday	Air
SRR9042911	tan	-0.0640903491419181	Midday	Air
SRR9042911	darkgrey	0.0979984557076064	Midday	Air
SRR9042911	magenta	0.025093178495477	Midday	Air
SRR9042911	cyan	0.326206523600871	Midday	Air
SRR9042911	purple	0.0377098101440462	Midday	Air
SRR9042911	darkred	-0.0431273818641231	Midday	Air
SRR9042911	lightyellow	-0.0237592329440328	Midday	Air
SRR9042911	grey60	-0.0325474038097567	Midday	Air
SRR9042911	salmon	0.128415411163204	Midday	Air
SRR9042911	turquoise	0.0714621872388225	Midday	Air
SRR9042911	royalblue	0.033686690621333	Midday	Air
SRR9042911	greenyellow	0.0782939359818647	Midday	Air
SRR9042911	lightcyan	0.14137001818586	Midday	Air
SRR9042911	grey	-5.06265348448767e-05	Midday	Air
SRR9042912	pink	0.0317370057506419	Midday	Air
SRR9042912	orange	-0.0345486952915459	Midday	Air
SRR9042912	blue	-0.0457392233720046	Midday	Air
SRR9042912	yellow	-0.167471356285316	Midday	Air
SRR9042912	brown	-0.0487210536115717	Midday	Air
SRR9042912	green	0.036415068104561	Midday	Air
SRR9042912	darkturquoise	0.124755601166499	Midday	Air
SRR9042912	black	-0.109949221892818	Midday	Air
SRR9042912	lightgreen	-0.0353719596297882	Midday	Air
SRR9042912	darkgreen	0.0436321870539926	Midday	Air
SRR9042912	midnightblue	0.132007063408754	Midday	Air
SRR9042912	red	-0.00767300233216159	Midday	Air
SRR9042912	tan	-0.0644432731761972	Midday	Air
SRR9042912	darkgrey	0.0972493622477353	Midday	Air
SRR9042912	magenta	0.0260534947036085	Midday	Air
SRR9042912	cyan	0.329904463451583	Midday	Air
SRR9042912	purple	0.0398570439732722	Midday	Air
SRR9042912	darkred	-0.0438376124900761	Midday	Air
SRR9042912	lightyellow	-0.0227713649096915	Midday	Air
SRR9042912	grey60	-0.0412912332204771	Midday	Air
SRR9042912	salmon	0.130146624716294	Midday	Air
SRR9042912	turquoise	0.073013967975727	Midday	Air
SRR9042912	royalblue	0.041248575240641	Midday	Air
SRR9042912	greenyellow	0.0860470538124135	Midday	Air
SRR9042912	lightcyan	0.145560351532364	Midday	Air
SRR9042912	grey	-3.25708475849183e-05	Midday	Air
SRR9042913	pink	0.0329053941019788	Midday	Air
SRR9042913	orange	-0.0341071934977246	Midday	Air
SRR9042913	blue	-0.0444489547479272	Midday	Air
SRR9042913	yellow	-0.163864570046167	Midday	Air
SRR9042913	brown	-0.0466726792717559	Midday	Air
SRR9042913	green	0.0386296017246039	Midday	Air
SRR9042913	darkturquoise	0.127190475913058	Midday	Air
SRR9042913	black	-0.108182987073197	Midday	Air
SRR9042913	lightgreen	-0.0416212215459474	Midday	Air
SRR9042913	darkgreen	0.0514741252392715	Midday	Air
SRR9042913	midnightblue	0.129721200244567	Midday	Air
SRR9042913	red	-0.00680530782558578	Midday	Air
SRR9042913	tan	-0.0640862617973762	Midday	Air
SRR9042913	darkgrey	0.0906446514446402	Midday	Air
SRR9042913	magenta	0.0289676664827531	Midday	Air
SRR9042913	cyan	0.328981451438954	Midday	Air
SRR9042913	purple	0.0403377825661048	Midday	Air
SRR9042913	darkred	-0.0399257756222897	Midday	Air
SRR9042913	lightyellow	-0.0204287956635481	Midday	Air
SRR9042913	grey60	-0.0384932210339915	Midday	Air
SRR9042913	salmon	0.122702282567846	Midday	Air
SRR9042913	turquoise	0.0724531061107576	Midday	Air
SRR9042913	royalblue	0.0411283116422218	Midday	Air
SRR9042913	greenyellow	0.0791741089425805	Midday	Air
SRR9042913	lightcyan	0.143888542716093	Midday	Air
SRR9042913	grey	-0.000114446581652392	Midday	Air
SRR9042914	pink	-0.017059502185341	Midday	CO2
SRR9042914	orange	-0.119112749612517	Midday	CO2
SRR9042914	blue	-0.0666547228921659	Midday	CO2
SRR9042914	yellow	-0.134319906219776	Midday	CO2
SRR9042914	brown	-0.038490988395648	Midday	CO2
SRR9042914	green	0.0655627327714607	Midday	CO2
SRR9042914	darkturquoise	-0.225395695912336	Midday	CO2
SRR9042914	black	-0.0824503352305791	Midday	CO2
SRR9042914	lightgreen	-0.0786432811801093	Midday	CO2
SRR9042914	darkgreen	0.026874397527777	Midday	CO2
SRR9042914	midnightblue	0.103445184635606	Midday	CO2
SRR9042914	red	0.025673465363109	Midday	CO2
SRR9042914	tan	-0.0619263124496466	Midday	CO2
SRR9042914	darkgrey	0.0413824720004161	Midday	CO2
SRR9042914	magenta	0.0576028537971945	Midday	CO2
SRR9042914	cyan	0.0167329608420429	Midday	CO2
SRR9042914	purple	0.100981148378472	Midday	CO2
SRR9042914	darkred	0.0562205019984698	Midday	CO2
SRR9042914	lightyellow	-0.0667726534301967	Midday	CO2
SRR9042914	grey60	-0.0589452770417494	Midday	CO2
SRR9042914	salmon	0.151694056519742	Midday	CO2
SRR9042914	turquoise	0.096152223881974	Midday	CO2
SRR9042914	royalblue	0.107377344600441	Midday	CO2
SRR9042914	greenyellow	0.0738138867712128	Midday	CO2
SRR9042914	lightcyan	-0.0363490872214031	Midday	CO2
SRR9042914	grey	0.000418202974867935	Midday	CO2
SRR9042915	pink	-0.0173251433420119	Midday	CO2
SRR9042915	orange	-0.11741910476327	Midday	CO2
SRR9042915	blue	-0.0657152153393613	Midday	CO2
SRR9042915	yellow	-0.131018965576769	Midday	CO2
SRR9042915	brown	-0.0368223601982363	Midday	CO2
SRR9042915	green	0.0655282727722304	Midday	CO2
SRR9042915	darkturquoise	-0.225685762692886	Midday	CO2
SRR9042915	black	-0.0826524222095087	Midday	CO2
SRR9042915	lightgreen	-0.0750308603972981	Midday	CO2
SRR9042915	darkgreen	0.0255562828951885	Midday	CO2
SRR9042915	midnightblue	0.10126585780061	Midday	CO2
SRR9042915	red	0.0288879415241764	Midday	CO2
SRR9042915	tan	-0.0597251343912229	Midday	CO2
SRR9042915	darkgrey	0.0452798524876834	Midday	CO2
SRR9042915	magenta	0.0557704457248253	Midday	CO2
SRR9042915	cyan	0.0191323059206051	Midday	CO2
SRR9042915	purple	0.100476718992739	Midday	CO2
SRR9042915	darkred	0.0522714261367279	Midday	CO2
SRR9042915	lightyellow	-0.0600679418939597	Midday	CO2
SRR9042915	grey60	-0.0634281600990832	Midday	CO2
SRR9042915	salmon	0.156871634029611	Midday	CO2
SRR9042915	turquoise	0.0962668313191564	Midday	CO2
SRR9042915	royalblue	0.104351535093055	Midday	CO2
SRR9042915	greenyellow	0.0775135039560528	Midday	CO2
SRR9042915	lightcyan	-0.036334386682859	Midday	CO2
SRR9042915	grey	0.000401819320960963	Midday	CO2
SRR9042916	pink	-0.0184232907869684	Midday	CO2
SRR9042916	orange	-0.135705021449371	Midday	CO2
SRR9042916	blue	-0.0663355718497268	Midday	CO2
SRR9042916	yellow	-0.133936011057487	Midday	CO2
SRR9042916	brown	-0.0349260216143036	Midday	CO2
SRR9042916	green	0.0668531130043539	Midday	CO2
SRR9042916	darkturquoise	-0.23153235988782	Midday	CO2
SRR9042916	black	-0.0830859720764498	Midday	CO2
SRR9042916	lightgreen	-0.080958561519521	Midday	CO2
SRR9042916	darkgreen	0.0321651042720656	Midday	CO2
SRR9042916	midnightblue	0.0997286922334295	Midday	CO2
SRR9042916	red	0.0288455273500076	Midday	CO2
SRR9042916	tan	-0.0546934105003668	Midday	CO2
SRR9042916	darkgrey	0.0369301281156603	Midday	CO2
SRR9042916	magenta	0.0598053713934105	Midday	CO2
SRR9042916	cyan	0.0164124279903551	Midday	CO2
SRR9042916	purple	0.106038674694295	Midday	CO2
SRR9042916	darkred	0.0554683912432594	Midday	CO2
SRR9042916	lightyellow	-0.0534371291965421	Midday	CO2
SRR9042916	grey60	-0.056478573278323	Midday	CO2
SRR9042916	salmon	0.155369106497565	Midday	CO2
SRR9042916	turquoise	0.0966239778450984	Midday	CO2
SRR9042916	royalblue	0.103869166496707	Midday	CO2
SRR9042916	greenyellow	0.0770703408743032	Midday	CO2
SRR9042916	lightcyan	-0.0325312772693953	Midday	CO2
SRR9042916	grey	0.000325047852387688	Midday	CO2
SRR9042917	pink	-0.0132794546164359	Midday	CO2
SRR9042917	orange	-0.129708669832327	Midday	CO2
SRR9042917	blue	-0.0661479621890029	Midday	CO2
SRR9042917	yellow	-0.134403214379846	Midday	CO2
SRR9042917	brown	-0.0343687982871827	Midday	CO2
SRR9042917	green	0.0652410304216242	Midday	CO2
SRR9042917	darkturquoise	-0.221793285063635	Midday	CO2
SRR9042917	black	-0.0853389864201406	Midday	CO2
SRR9042917	lightgreen	-0.0824689411264038	Midday	CO2
SRR9042917	darkgreen	0.032134917547005	Midday	CO2
SRR9042917	midnightblue	0.0954167086730488	Midday	CO2
SRR9042917	red	0.0253382723627972	Midday	CO2
SRR9042917	tan	-0.0545315080185156	Midday	CO2
SRR9042917	darkgrey	0.0339163859365701	Midday	CO2
SRR9042917	magenta	0.0554212739822494	Midday	CO2
SRR9042917	cyan	0.017852954745852	Midday	CO2
SRR9042917	purple	0.104276449046426	Midday	CO2
SRR9042917	darkred	0.0551097138157745	Midday	CO2
SRR9042917	lightyellow	-0.0567642773284638	Midday	CO2
SRR9042917	grey60	-0.0562574324129913	Midday	CO2
SRR9042917	salmon	0.153666535880015	Midday	CO2
SRR9042917	turquoise	0.0949834740573606	Midday	CO2
SRR9042917	royalblue	0.10637622190331	Midday	CO2
SRR9042917	greenyellow	0.077816006319964	Midday	CO2
SRR9042917	lightcyan	-0.031125925465949	Midday	CO2
SRR9042917	grey	0.000432075926119342	Midday	CO2
SRR9042918	pink	-0.0278611679312313	Midday	CO2
SRR9042918	orange	-0.082981688638718	Midday	CO2
SRR9042918	blue	-0.0729039223294248	Midday	CO2
SRR9042918	yellow	-0.146886591059046	Midday	CO2
SRR9042918	brown	-0.0334360516091505	Midday	CO2
SRR9042918	green	0.082919878576299	Midday	CO2
SRR9042918	darkturquoise	-0.0942577067442492	Midday	CO2
SRR9042918	black	-0.0913311474683934	Midday	CO2
SRR9042918	lightgreen	-0.0802472040927353	Midday	CO2
SRR9042918	darkgreen	0.0125923218772794	Midday	CO2
SRR9042918	midnightblue	0.0904683151783433	Midday	CO2
SRR9042918	red	0.00103297967773812	Midday	CO2
SRR9042918	tan	-0.0769717954472744	Midday	CO2
SRR9042918	darkgrey	0.0414573769298441	Midday	CO2
SRR9042918	magenta	0.0473490228808224	Midday	CO2
SRR9042918	cyan	0.00843097384739845	Midday	CO2
SRR9042918	purple	0.114749010617847	Midday	CO2
SRR9042918	darkred	0.0401319018580467	Midday	CO2
SRR9042918	lightyellow	-0.00131814111040499	Midday	CO2
SRR9042918	grey60	-0.0181197584368643	Midday	CO2
SRR9042918	salmon	0.16379258463739	Midday	CO2
SRR9042918	turquoise	0.0902408616897722	Midday	CO2
SRR9042918	royalblue	0.126435146482719	Midday	CO2
SRR9042918	greenyellow	0.118400572483058	Midday	CO2
SRR9042918	lightcyan	0.109467736104435	Midday	CO2
SRR9042918	grey	0.000203107576067874	Midday	CO2
SRR9042919	pink	-0.0253305491595061	Midday	CO2
SRR9042919	orange	-0.0714398328635372	Midday	CO2
SRR9042919	blue	-0.0726823471221371	Midday	CO2
SRR9042919	yellow	-0.143709138958262	Midday	CO2
SRR9042919	brown	-0.0348259522991433	Midday	CO2
SRR9042919	green	0.0876038516995011	Midday	CO2
SRR9042919	darkturquoise	-0.0895206477810959	Midday	CO2
SRR9042919	black	-0.0901538752883002	Midday	CO2
SRR9042919	lightgreen	-0.0877140114108031	Midday	CO2
SRR9042919	darkgreen	0.0238115168486739	Midday	CO2
SRR9042919	midnightblue	0.0868955274613005	Midday	CO2
SRR9042919	red	0.0030687012844419	Midday	CO2
SRR9042919	tan	-0.0766269569611513	Midday	CO2
SRR9042919	darkgrey	0.0414969297294877	Midday	CO2
SRR9042919	magenta	0.0498386033644306	Midday	CO2
SRR9042919	cyan	0.00777152985263764	Midday	CO2
SRR9042919	purple	0.121013754919806	Midday	CO2
SRR9042919	darkred	0.0368276023460369	Midday	CO2
SRR9042919	lightyellow	0.000955182915208914	Midday	CO2
SRR9042919	grey60	-0.0193890751781511	Midday	CO2
SRR9042919	salmon	0.163407179048324	Midday	CO2
SRR9042919	turquoise	0.0916438953582606	Midday	CO2
SRR9042919	royalblue	0.127506048802746	Midday	CO2
SRR9042919	greenyellow	0.120588966441634	Midday	CO2
SRR9042919	lightcyan	0.11111463057346	Midday	CO2
SRR9042919	grey	0.0014648153396612	Midday	CO2
SRR9042920	pink	-0.0225525102135199	Midday	CO2
SRR9042920	orange	-0.0855424743597733	Midday	CO2
SRR9042920	blue	-0.073378151264816	Midday	CO2
SRR9042920	yellow	-0.145673794062431	Midday	CO2
SRR9042920	brown	-0.032977865870775	Midday	CO2
SRR9042920	green	0.0870897184809059	Midday	CO2
SRR9042920	darkturquoise	-0.094140750420301	Midday	CO2
SRR9042920	black	-0.0935393844755168	Midday	CO2
SRR9042920	lightgreen	-0.0811473752376774	Midday	CO2
SRR9042920	darkgreen	0.0180461223188196	Midday	CO2
SRR9042920	midnightblue	0.0951464418317597	Midday	CO2
SRR9042920	red	0.00148028397390997	Midday	CO2
SRR9042920	tan	-0.0711099798499428	Midday	CO2
SRR9042920	darkgrey	0.0383692274419872	Midday	CO2
SRR9042920	magenta	0.0505558631176936	Midday	CO2
SRR9042920	cyan	0.0121955898866005	Midday	CO2
SRR9042920	purple	0.116842764955184	Midday	CO2
SRR9042920	darkred	0.0331558978481943	Midday	CO2
SRR9042920	lightyellow	0.00212961618142797	Midday	CO2
SRR9042920	grey60	-0.0183412076292997	Midday	CO2
SRR9042920	salmon	0.163745260854227	Midday	CO2
SRR9042920	turquoise	0.0922619541759489	Midday	CO2
SRR9042920	royalblue	0.128670222455415	Midday	CO2
SRR9042920	greenyellow	0.12482087179409	Midday	CO2
SRR9042920	lightcyan	0.115152535294625	Midday	CO2
SRR9042920	grey	-0.00019672828061255	Midday	CO2
SRR9042921	pink	-0.02740897131517	Midday	CO2
SRR9042921	orange	-0.081887537736542	Midday	CO2
SRR9042921	blue	-0.0729685284605929	Midday	CO2
SRR9042921	yellow	-0.146596921129565	Midday	CO2
SRR9042921	brown	-0.0340269588739383	Midday	CO2
SRR9042921	green	0.0861048086283067	Midday	CO2
SRR9042921	darkturquoise	-0.0858999698327036	Midday	CO2
SRR9042921	black	-0.0913118361332644	Midday	CO2
SRR9042921	lightgreen	-0.0781903720986907	Midday	CO2
SRR9042921	darkgreen	0.0237442095013593	Midday	CO2
SRR9042921	midnightblue	0.0917497216885713	Midday	CO2
SRR9042921	red	0.00674401710990131	Midday	CO2
SRR9042921	tan	-0.0797117454696659	Midday	CO2
SRR9042921	darkgrey	0.0408471301293658	Midday	CO2
SRR9042921	magenta	0.0527310077974674	Midday	CO2
SRR9042921	cyan	0.0112361840057473	Midday	CO2
SRR9042921	purple	0.120790769899734	Midday	CO2
SRR9042921	darkred	0.0407603198467477	Midday	CO2
SRR9042921	lightyellow	-0.000405914176242643	Midday	CO2
SRR9042921	grey60	-0.0174118118579414	Midday	CO2
SRR9042921	salmon	0.168994717637927	Midday	CO2
SRR9042921	turquoise	0.0912970954604107	Midday	CO2
SRR9042921	royalblue	0.125861437485533	Midday	CO2
SRR9042921	greenyellow	0.118015122916978	Midday	CO2
SRR9042921	lightcyan	0.109045759600641	Midday	CO2
SRR9042921	grey	-0.000212484439967964	Midday	CO2
SRR9042922	pink	-0.00941403510439423	Midday	CO2
SRR9042922	orange	-0.0294817201933422	Midday	CO2
SRR9042922	blue	-0.0694305736266907	Midday	CO2
SRR9042922	yellow	-0.152198212433231	Midday	CO2
SRR9042922	brown	-0.0376457891392192	Midday	CO2
SRR9042922	green	0.0699657054340159	Midday	CO2
SRR9042922	darkturquoise	-0.0345310497034363	Midday	CO2
SRR9042922	black	-0.0741358292992248	Midday	CO2
SRR9042922	lightgreen	-0.0593576886615152	Midday	CO2
SRR9042922	darkgreen	0.0290473550734949	Midday	CO2
SRR9042922	midnightblue	0.102789276399612	Midday	CO2
SRR9042922	red	-0.00357511028702684	Midday	CO2
SRR9042922	tan	-0.0750800562240198	Midday	CO2
SRR9042922	darkgrey	0.0527264635051917	Midday	CO2
SRR9042922	magenta	0.0420769089543439	Midday	CO2
SRR9042922	cyan	0.0796359386826145	Midday	CO2
SRR9042922	purple	0.0858667902203347	Midday	CO2
SRR9042922	darkred	0.00920258897849265	Midday	CO2
SRR9042922	lightyellow	-0.0373513202430289	Midday	CO2
SRR9042922	grey60	-0.140390096681463	Midday	CO2
SRR9042922	salmon	0.152891058125873	Midday	CO2
SRR9042922	turquoise	0.0930782668523531	Midday	CO2
SRR9042922	royalblue	0.0370122559056401	Midday	CO2
SRR9042922	greenyellow	0.074051877197686	Midday	CO2
SRR9042922	lightcyan	0.101892050643686	Midday	CO2
SRR9042922	grey	0.00017500088483369	Midday	CO2
SRR9042923	pink	-0.00799670095582356	Midday	CO2
SRR9042923	orange	-0.0266144854509938	Midday	CO2
SRR9042923	blue	-0.0693350380315246	Midday	CO2
SRR9042923	yellow	-0.152889535631671	Midday	CO2
SRR9042923	brown	-0.0377714346579386	Midday	CO2
SRR9042923	green	0.0718934367285312	Midday	CO2
SRR9042923	darkturquoise	-0.0190491294949018	Midday	CO2
SRR9042923	black	-0.078875582355082	Midday	CO2
SRR9042923	lightgreen	-0.0563780731069905	Midday	CO2
SRR9042923	darkgreen	0.0263190721694706	Midday	CO2
SRR9042923	midnightblue	0.102212037320874	Midday	CO2
SRR9042923	red	-0.00355228373625305	Midday	CO2
SRR9042923	tan	-0.0810735873826835	Midday	CO2
SRR9042923	darkgrey	0.0616485554157083	Midday	CO2
SRR9042923	magenta	0.0394944547319889	Midday	CO2
SRR9042923	cyan	0.086500854021395	Midday	CO2
SRR9042923	purple	0.0961645575878935	Midday	CO2
SRR9042923	darkred	0.0153965136387751	Midday	CO2
SRR9042923	lightyellow	-0.0339849990407693	Midday	CO2
SRR9042923	grey60	-0.141184191576113	Midday	CO2
SRR9042923	salmon	0.153652763324962	Midday	CO2
SRR9042923	turquoise	0.0929617654798599	Midday	CO2
SRR9042923	royalblue	0.0465456296988746	Midday	CO2
SRR9042923	greenyellow	0.0801271554726045	Midday	CO2
SRR9042923	lightcyan	0.0955678127356076	Midday	CO2
SRR9042923	grey	0.000156561013383093	Midday	CO2
SRR9042924	pink	-0.00853438709043428	Midday	CO2
SRR9042924	orange	-0.0286942988065586	Midday	CO2
SRR9042924	blue	-0.0699299484728396	Midday	CO2
SRR9042924	yellow	-0.152944487712582	Midday	CO2
SRR9042924	brown	-0.0386542281793869	Midday	CO2
SRR9042924	green	0.0709398398313308	Midday	CO2
SRR9042924	darkturquoise	-0.0285540441618758	Midday	CO2
SRR9042924	black	-0.0791654681974849	Midday	CO2
SRR9042924	lightgreen	-0.0520359558589696	Midday	CO2
SRR9042924	darkgreen	0.0221185139104634	Midday	CO2
SRR9042924	midnightblue	0.10420649644079	Midday	CO2
SRR9042924	red	-0.0020738979691741	Midday	CO2
SRR9042924	tan	-0.0773754020110314	Midday	CO2
SRR9042924	darkgrey	0.040087711865884	Midday	CO2
SRR9042924	magenta	0.0352354343720984	Midday	CO2
SRR9042924	cyan	0.0839612842583867	Midday	CO2
SRR9042924	purple	0.093937292016547	Midday	CO2
SRR9042924	darkred	0.0171116907194536	Midday	CO2
SRR9042924	lightyellow	-0.0396496229272809	Midday	CO2
SRR9042924	grey60	-0.13968652170212	Midday	CO2
SRR9042924	salmon	0.15648073019002	Midday	CO2
SRR9042924	turquoise	0.0924589313212963	Midday	CO2
SRR9042924	royalblue	0.0350616129347174	Midday	CO2
SRR9042924	greenyellow	0.0780896207012243	Midday	CO2
SRR9042924	lightcyan	0.097366769933277	Midday	CO2
SRR9042924	grey	0.000408653921725327	Midday	CO2
SRR9042925	pink	-0.00691809641844025	Midday	CO2
SRR9042925	orange	-0.0296600569485238	Midday	CO2
SRR9042925	blue	-0.0689795921588108	Midday	CO2
SRR9042925	yellow	-0.151960423346866	Midday	CO2
SRR9042925	brown	-0.0373555948990697	Midday	CO2
SRR9042925	green	0.0749479228518196	Midday	CO2
SRR9042925	darkturquoise	-0.0225685620334116	Midday	CO2
SRR9042925	black	-0.0754752736170699	Midday	CO2
SRR9042925	lightgreen	-0.0535440250184582	Midday	CO2
SRR9042925	darkgreen	0.0311246282482411	Midday	CO2
SRR9042925	midnightblue	0.104615289894776	Midday	CO2
SRR9042925	red	0.000701693990599391	Midday	CO2
SRR9042925	tan	-0.0824430941895966	Midday	CO2
SRR9042925	darkgrey	0.0528071534931038	Midday	CO2
SRR9042925	magenta	0.0398723093041278	Midday	CO2
SRR9042925	cyan	0.0790142678430777	Midday	CO2
SRR9042925	purple	0.0942090207019456	Midday	CO2
SRR9042925	darkred	0.00793115770578986	Midday	CO2
SRR9042925	lightyellow	-0.0328625866082856	Midday	CO2
SRR9042925	grey60	-0.143445410583866	Midday	CO2
SRR9042925	salmon	0.156106589486799	Midday	CO2
SRR9042925	turquoise	0.0945758002101912	Midday	CO2
SRR9042925	royalblue	0.0491644090057591	Midday	CO2
SRR9042925	greenyellow	0.0792999242042789	Midday	CO2
SRR9042925	lightcyan	0.10263411428409	Midday	CO2
SRR9042925	grey	0.000236252062562558	Midday	CO2
SRR9042926	pink	-0.110023469139347	Midnight	CO2
SRR9042926	orange	-0.0117612030642928	Midnight	CO2
SRR9042926	blue	0.0318101730529613	Midnight	CO2
SRR9042926	yellow	0.0168868905808385	Midnight	CO2
SRR9042926	brown	-0.0357730994812177	Midnight	CO2
SRR9042926	green	-0.0429767945738543	Midnight	CO2
SRR9042926	darkturquoise	-0.0677840156011323	Midnight	CO2
SRR9042926	black	-0.0862438705062712	Midnight	CO2
SRR9042926	lightgreen	-0.125836792895768	Midnight	CO2
SRR9042926	darkgreen	-0.0646720135851013	Midnight	CO2
SRR9042926	midnightblue	-0.128131906461846	Midnight	CO2
SRR9042926	red	0.0700580787963167	Midnight	CO2
SRR9042926	tan	0.0396822245224058	Midnight	CO2
SRR9042926	darkgrey	-0.0294228306061427	Midnight	CO2
SRR9042926	magenta	0.108228599079285	Midnight	CO2
SRR9042926	cyan	0.0476692132096584	Midnight	CO2
SRR9042926	purple	0.142691496492195	Midnight	CO2
SRR9042926	darkred	0.127906509554364	Midnight	CO2
SRR9042926	lightyellow	0.122668163164132	Midnight	CO2
SRR9042926	grey60	0.0863008528380357	Midnight	CO2
SRR9042926	salmon	0.0157490267708478	Midnight	CO2
SRR9042926	turquoise	-0.0142698334530288	Midnight	CO2
SRR9042926	royalblue	0.0170867011478614	Midnight	CO2
SRR9042926	greenyellow	0.0371820815238136	Midnight	CO2
SRR9042926	lightcyan	-0.00723441029323229	Midnight	CO2
SRR9042926	grey	0.000151104664293108	Midnight	CO2
SRR9042927	pink	-0.115394229952836	Midnight	CO2
SRR9042927	orange	-0.0170079728649601	Midnight	CO2
SRR9042927	blue	0.0319855011513966	Midnight	CO2
SRR9042927	yellow	0.0178104270984268	Midnight	CO2
SRR9042927	brown	-0.0351862069710017	Midnight	CO2
SRR9042927	green	-0.0428347943127315	Midnight	CO2
SRR9042927	darkturquoise	-0.0614835931964929	Midnight	CO2
SRR9042927	black	-0.0855465477675983	Midnight	CO2
SRR9042927	lightgreen	-0.131547644831863	Midnight	CO2
SRR9042927	darkgreen	-0.0670261950338445	Midnight	CO2
SRR9042927	midnightblue	-0.120787542079155	Midnight	CO2
SRR9042927	red	0.0686662582920889	Midnight	CO2
SRR9042927	tan	0.039620399212072	Midnight	CO2
SRR9042927	darkgrey	-0.0184917834932828	Midnight	CO2
SRR9042927	magenta	0.112640385468613	Midnight	CO2
SRR9042927	cyan	0.0518013824902246	Midnight	CO2
SRR9042927	purple	0.143941841483579	Midnight	CO2
SRR9042927	darkred	0.128372009783088	Midnight	CO2
SRR9042927	lightyellow	0.117568392140765	Midnight	CO2
SRR9042927	grey60	0.0873584507209532	Midnight	CO2
SRR9042927	salmon	0.0158931024902922	Midnight	CO2
SRR9042927	turquoise	-0.0148834233745534	Midnight	CO2
SRR9042927	royalblue	0.0223349053806626	Midnight	CO2
SRR9042927	greenyellow	0.037822605423263	Midnight	CO2
SRR9042927	lightcyan	-0.00307031048089375	Midnight	CO2
SRR9042927	grey	0.000131445988432025	Midnight	CO2
SRR9042928	pink	-0.115197682178602	Midnight	CO2
SRR9042928	orange	-0.0147285074131428	Midnight	CO2
SRR9042928	blue	0.0312447600556157	Midnight	CO2
SRR9042928	yellow	0.0171890553963942	Midnight	CO2
SRR9042928	brown	-0.0360733660457102	Midnight	CO2
SRR9042928	green	-0.0419118301031582	Midnight	CO2
SRR9042928	darkturquoise	-0.0640792152023282	Midnight	CO2
SRR9042928	black	-0.0863504408854125	Midnight	CO2
SRR9042928	lightgreen	-0.130692760940609	Midnight	CO2
SRR9042928	darkgreen	-0.0516111799855679	Midnight	CO2
SRR9042928	midnightblue	-0.126280833724196	Midnight	CO2
SRR9042928	red	0.0681719306461635	Midnight	CO2
SRR9042928	tan	0.0368802430547444	Midnight	CO2
SRR9042928	darkgrey	-0.0221069022047327	Midnight	CO2
SRR9042928	magenta	0.112197468518829	Midnight	CO2
SRR9042928	cyan	0.0456896504421261	Midnight	CO2
SRR9042928	purple	0.148747441425306	Midnight	CO2
SRR9042928	darkred	0.126142670890432	Midnight	CO2
SRR9042928	lightyellow	0.111226673488034	Midnight	CO2
SRR9042928	grey60	0.0743761815702795	Midnight	CO2
SRR9042928	salmon	0.0174765311127813	Midnight	CO2
SRR9042928	turquoise	-0.0156959688354471	Midnight	CO2
SRR9042928	royalblue	0.0179625256969918	Midnight	CO2
SRR9042928	greenyellow	0.0424039593910892	Midnight	CO2
SRR9042928	lightcyan	-0.00429232338266619	Midnight	CO2
SRR9042928	grey	0.000157757147998278	Midnight	CO2
SRR9042929	pink	-0.114553572263603	Midnight	CO2
SRR9042929	orange	-0.0233568105470005	Midnight	CO2
SRR9042929	blue	0.0310983976852642	Midnight	CO2
SRR9042929	yellow	0.0157081367144456	Midnight	CO2
SRR9042929	brown	-0.0351732047629147	Midnight	CO2
SRR9042929	green	-0.0459061057218228	Midnight	CO2
SRR9042929	darkturquoise	-0.0621175380067382	Midnight	CO2
SRR9042929	black	-0.0901894276123555	Midnight	CO2
SRR9042929	lightgreen	-0.133299605865666	Midnight	CO2
SRR9042929	darkgreen	-0.0673083454146388	Midnight	CO2
SRR9042929	midnightblue	-0.124820034728985	Midnight	CO2
SRR9042929	red	0.0718403802793695	Midnight	CO2
SRR9042929	tan	0.0461792569223849	Midnight	CO2
SRR9042929	darkgrey	-0.0324870757897597	Midnight	CO2
SRR9042929	magenta	0.112752466213974	Midnight	CO2
SRR9042929	cyan	0.0485628792494701	Midnight	CO2
SRR9042929	purple	0.146970510222261	Midnight	CO2
SRR9042929	darkred	0.129452127427052	Midnight	CO2
SRR9042929	lightyellow	0.116474527771527	Midnight	CO2
SRR9042929	grey60	0.0865259738922176	Midnight	CO2
SRR9042929	salmon	0.0158681089536996	Midnight	CO2
SRR9042929	turquoise	-0.0142659082986096	Midnight	CO2
SRR9042929	royalblue	0.0217486684640132	Midnight	CO2
SRR9042929	greenyellow	0.0420039264901929	Midnight	CO2
SRR9042929	lightcyan	-0.00641268711138552	Midnight	CO2
SRR9042929	grey	6.59942041887853e-05	Midnight	CO2
SRR9042930	pink	-0.118450554137878	Midnight	CO2
SRR9042930	orange	0.0132129738733954	Midnight	CO2
SRR9042930	blue	0.0275784534355287	Midnight	CO2
SRR9042930	yellow	0.0120628754714357	Midnight	CO2
SRR9042930	brown	-0.0343242791085289	Midnight	CO2
SRR9042930	green	-0.023241027437299	Midnight	CO2
SRR9042930	darkturquoise	-0.012045434694223	Midnight	CO2
SRR9042930	black	-0.0867215998630839	Midnight	CO2
SRR9042930	lightgreen	-0.136258826124365	Midnight	CO2
SRR9042930	darkgreen	-0.0811160010355401	Midnight	CO2
SRR9042930	midnightblue	-0.119921415890658	Midnight	CO2
SRR9042930	red	0.0542658349182461	Midnight	CO2
SRR9042930	tan	0.0225245450997552	Midnight	CO2
SRR9042930	darkgrey	-0.0206073452965091	Midnight	CO2
SRR9042930	magenta	0.125432141150924	Midnight	CO2
SRR9042930	cyan	-0.0107837989057964	Midnight	CO2
SRR9042930	purple	0.14476549400637	Midnight	CO2
SRR9042930	darkred	0.1173369169153	Midnight	CO2
SRR9042930	lightyellow	0.1232482551003	Midnight	CO2
SRR9042930	grey60	0.0772529016777595	Midnight	CO2
SRR9042930	salmon	0.032608687016973	Midnight	CO2
SRR9042930	turquoise	-0.0142654628258038	Midnight	CO2
SRR9042930	royalblue	0.0186374186393816	Midnight	CO2
SRR9042930	greenyellow	0.0467120071872691	Midnight	CO2
SRR9042930	lightcyan	0.0630767564625655	Midnight	CO2
SRR9042930	grey	-0.000178418660522532	Midnight	CO2
SRR9042931	pink	-0.120724650932981	Midnight	CO2
SRR9042931	orange	0.0173690818088296	Midnight	CO2
SRR9042931	blue	0.0285577846842057	Midnight	CO2
SRR9042931	yellow	0.0116232834878584	Midnight	CO2
SRR9042931	brown	-0.0343113410794561	Midnight	CO2
SRR9042931	green	-0.0210868095810098	Midnight	CO2
SRR9042931	darkturquoise	-0.00416737670382193	Midnight	CO2
SRR9042931	black	-0.0871669105832528	Midnight	CO2
SRR9042931	lightgreen	-0.133393822057248	Midnight	CO2
SRR9042931	darkgreen	-0.0666435675680105	Midnight	CO2
SRR9042931	midnightblue	-0.120297346096302	Midnight	CO2
SRR9042931	red	0.0535665660148996	Midnight	CO2
SRR9042931	tan	0.0288258768742649	Midnight	CO2
SRR9042931	darkgrey	-0.028308483326942	Midnight	CO2
SRR9042931	magenta	0.126303623206428	Midnight	CO2
SRR9042931	cyan	-0.0107683861157105	Midnight	CO2
SRR9042931	purple	0.152768679891816	Midnight	CO2
SRR9042931	darkred	0.115115096216406	Midnight	CO2
SRR9042931	lightyellow	0.127409673070743	Midnight	CO2
SRR9042931	grey60	0.0777110246983485	Midnight	CO2
SRR9042931	salmon	0.0325832974057233	Midnight	CO2
SRR9042931	turquoise	-0.0113680710255951	Midnight	CO2
SRR9042931	royalblue	0.0158655093545348	Midnight	CO2
SRR9042931	greenyellow	0.0461866916665499	Midnight	CO2
SRR9042931	lightcyan	0.0647585060774498	Midnight	CO2
SRR9042931	grey	-0.000184306830845623	Midnight	CO2
SRR9042932	pink	-0.120895167933515	Midnight	CO2
SRR9042932	orange	-0.00118924430789571	Midnight	CO2
SRR9042932	blue	0.0278759065764891	Midnight	CO2
SRR9042932	yellow	0.0117756278407289	Midnight	CO2
SRR9042932	brown	-0.0325803924765366	Midnight	CO2
SRR9042932	green	-0.0233298487086374	Midnight	CO2
SRR9042932	darkturquoise	-0.00778019864567637	Midnight	CO2
SRR9042932	black	-0.0832750055389625	Midnight	CO2
SRR9042932	lightgreen	-0.133894793538765	Midnight	CO2
SRR9042932	darkgreen	-0.0674317762344529	Midnight	CO2
SRR9042932	midnightblue	-0.118184658600505	Midnight	CO2
SRR9042932	red	0.0533459126655847	Midnight	CO2
SRR9042932	tan	0.0283658024224048	Midnight	CO2
SRR9042932	darkgrey	-0.0273256558054946	Midnight	CO2
SRR9042932	magenta	0.121188142699469	Midnight	CO2
SRR9042932	cyan	-0.00516657872278618	Midnight	CO2
SRR9042932	purple	0.152224359688629	Midnight	CO2
SRR9042932	darkred	0.118102082732392	Midnight	CO2
SRR9042932	lightyellow	0.124924206928906	Midnight	CO2
SRR9042932	grey60	0.0726326710698442	Midnight	CO2
SRR9042932	salmon	0.0329384919122288	Midnight	CO2
SRR9042932	turquoise	-0.0121683929659283	Midnight	CO2
SRR9042932	royalblue	0.0170397985688184	Midnight	CO2
SRR9042932	greenyellow	0.0422615210631766	Midnight	CO2
SRR9042932	lightcyan	0.0618485665492915	Midnight	CO2
SRR9042932	grey	0.00151349120426477	Midnight	CO2
SRR9042933	pink	-0.121619974193274	Midnight	CO2
SRR9042933	orange	0.0043945135426293	Midnight	CO2
SRR9042933	blue	0.0281572016311689	Midnight	CO2
SRR9042933	yellow	0.0121865671310376	Midnight	CO2
SRR9042933	brown	-0.0365114932442972	Midnight	CO2
SRR9042933	green	-0.0214462094116585	Midnight	CO2
SRR9042933	darkturquoise	0.000506627822751301	Midnight	CO2
SRR9042933	black	-0.0903939897420029	Midnight	CO2
SRR9042933	lightgreen	-0.137039440571616	Midnight	CO2
SRR9042933	darkgreen	-0.0745597777287745	Midnight	CO2
SRR9042933	midnightblue	-0.122464768347156	Midnight	CO2
SRR9042933	red	0.0532185291569766	Midnight	CO2
SRR9042933	tan	0.0345970055012741	Midnight	CO2
SRR9042933	darkgrey	-0.0191554983358767	Midnight	CO2
SRR9042933	magenta	0.124118563717137	Midnight	CO2
SRR9042933	cyan	-0.010285483798559	Midnight	CO2
SRR9042933	purple	0.147596427178872	Midnight	CO2
SRR9042933	darkred	0.117105973805615	Midnight	CO2
SRR9042933	lightyellow	0.124281638207081	Midnight	CO2
SRR9042933	grey60	0.0813969192792293	Midnight	CO2
SRR9042933	salmon	0.0292799538479808	Midnight	CO2
SRR9042933	turquoise	-0.0119123148231073	Midnight	CO2
SRR9042933	royalblue	0.01587377011208	Midnight	CO2
SRR9042933	greenyellow	0.0475031648019472	Midnight	CO2
SRR9042933	lightcyan	0.0618285316716264	Midnight	CO2
SRR9042933	grey	0.000169594453558216	Midnight	CO2
SRR9042934	pink	-0.100837161862457	Midnight	CO2
SRR9042934	orange	-0.00249664740831525	Midnight	CO2
SRR9042934	blue	0.0416230973238908	Midnight	CO2
SRR9042934	yellow	0.0325764650054717	Midnight	CO2
SRR9042934	brown	-0.036102714635448	Midnight	CO2
SRR9042934	green	-0.0566934140518475	Midnight	CO2
SRR9042934	darkturquoise	-0.000617121777172698	Midnight	CO2
SRR9042934	black	-0.0620641598036019	Midnight	CO2
SRR9042934	lightgreen	-0.104200071466331	Midnight	CO2
SRR9042934	darkgreen	-0.0570389293414411	Midnight	CO2
SRR9042934	midnightblue	-0.114139179443278	Midnight	CO2
SRR9042934	red	0.0675673669508956	Midnight	CO2
SRR9042934	tan	0.0482976376785367	Midnight	CO2
SRR9042934	darkgrey	-0.0192995407257672	Midnight	CO2
SRR9042934	magenta	0.104220915467426	Midnight	CO2
SRR9042934	cyan	0.0262310075803409	Midnight	CO2
SRR9042934	purple	0.122455526738078	Midnight	CO2
SRR9042934	darkred	0.108062828281854	Midnight	CO2
SRR9042934	lightyellow	0.0934005361463946	Midnight	CO2
SRR9042934	grey60	0.0538482689720901	Midnight	CO2
SRR9042934	salmon	0.000790084156131445	Midnight	CO2
SRR9042934	turquoise	-0.0216186736492142	Midnight	CO2
SRR9042934	royalblue	0.00223761304950305	Midnight	CO2
SRR9042934	greenyellow	0.0278185543626566	Midnight	CO2
SRR9042934	lightcyan	0.00407339633563036	Midnight	CO2
SRR9042934	grey	6.30702788947453e-05	Midnight	CO2
SRR9042935	pink	-0.0993409014181575	Midnight	CO2
SRR9042935	orange	-0.0171310276621614	Midnight	CO2
SRR9042935	blue	0.041939405162214	Midnight	CO2
SRR9042935	yellow	0.0326788112144129	Midnight	CO2
SRR9042935	brown	-0.0348187377588161	Midnight	CO2
SRR9042935	green	-0.0599710923168263	Midnight	CO2
SRR9042935	darkturquoise	-0.000615726666608859	Midnight	CO2
SRR9042935	black	-0.0566843596784821	Midnight	CO2
SRR9042935	lightgreen	-0.103124681033762	Midnight	CO2
SRR9042935	darkgreen	-0.0518390818802347	Midnight	CO2
SRR9042935	midnightblue	-0.115027392371058	Midnight	CO2
SRR9042935	red	0.0667565210707922	Midnight	CO2
SRR9042935	tan	0.0500777803450961	Midnight	CO2
SRR9042935	darkgrey	-0.0168058036701519	Midnight	CO2
SRR9042935	magenta	0.102179564997232	Midnight	CO2
SRR9042935	cyan	0.0332674923067793	Midnight	CO2
SRR9042935	purple	0.11756539973761	Midnight	CO2
SRR9042935	darkred	0.106966611347494	Midnight	CO2
SRR9042935	lightyellow	0.0947991468110183	Midnight	CO2
SRR9042935	grey60	0.0521585731305171	Midnight	CO2
SRR9042935	salmon	-0.000588273436122767	Midnight	CO2
SRR9042935	turquoise	-0.0217629791470121	Midnight	CO2
SRR9042935	royalblue	-0.0027780877631889	Midnight	CO2
SRR9042935	greenyellow	0.0285558522002738	Midnight	CO2
SRR9042935	lightcyan	0.0050868034552021	Midnight	CO2
SRR9042935	grey	5.99828331669705e-05	Midnight	CO2
SRR9042936	pink	-0.0988766771913304	Midnight	CO2
SRR9042936	orange	-0.0244792905376192	Midnight	CO2
SRR9042936	blue	0.0410237927495038	Midnight	CO2
SRR9042936	yellow	0.0345556424796851	Midnight	CO2
SRR9042936	brown	-0.0370733218624732	Midnight	CO2
SRR9042936	green	-0.0566359283080873	Midnight	CO2
SRR9042936	darkturquoise	0.00109201727361392	Midnight	CO2
SRR9042936	black	-0.0592498417021334	Midnight	CO2
SRR9042936	lightgreen	-0.105776279696782	Midnight	CO2
SRR9042936	darkgreen	-0.0514899566731612	Midnight	CO2
SRR9042936	midnightblue	-0.109634373706756	Midnight	CO2
SRR9042936	red	0.0681307121021717	Midnight	CO2
SRR9042936	tan	0.0513072741621285	Midnight	CO2
SRR9042936	darkgrey	-0.0159278124514593	Midnight	CO2
SRR9042936	magenta	0.104403411166598	Midnight	CO2
SRR9042936	cyan	0.0345066253122721	Midnight	CO2
SRR9042936	purple	0.123424846487458	Midnight	CO2
SRR9042936	darkred	0.105278673390138	Midnight	CO2
SRR9042936	lightyellow	0.0936364138206833	Midnight	CO2
SRR9042936	grey60	0.0513915864041459	Midnight	CO2
SRR9042936	salmon	-0.00697789651152141	Midnight	CO2
SRR9042936	turquoise	-0.0221155130498962	Midnight	CO2
SRR9042936	royalblue	-0.0038991280398768	Midnight	CO2
SRR9042936	greenyellow	0.0245474219727745	Midnight	CO2
SRR9042936	lightcyan	0.00363254547560514	Midnight	CO2
SRR9042936	grey	0.000213223024916814	Midnight	CO2
SRR9042937	pink	-0.10069149455916	Midnight	CO2
SRR9042937	orange	-0.0208568604170837	Midnight	CO2
SRR9042937	blue	0.0401410662448935	Midnight	CO2
SRR9042937	yellow	0.0339041542615768	Midnight	CO2
SRR9042937	brown	-0.0369208603723075	Midnight	CO2
SRR9042937	green	-0.0599152906095046	Midnight	CO2
SRR9042937	darkturquoise	0.000570668875732141	Midnight	CO2
SRR9042937	black	-0.0636377336414403	Midnight	CO2
SRR9042937	lightgreen	-0.106207091445584	Midnight	CO2
SRR9042937	darkgreen	-0.0580444462263865	Midnight	CO2
SRR9042937	midnightblue	-0.114114969692407	Midnight	CO2
SRR9042937	red	0.0683092769704162	Midnight	CO2
SRR9042937	tan	0.0518863055179015	Midnight	CO2
SRR9042937	darkgrey	-0.00147349905610431	Midnight	CO2
SRR9042937	magenta	0.104311399871025	Midnight	CO2
SRR9042937	cyan	0.0294401068101998	Midnight	CO2
SRR9042937	purple	0.119130575028463	Midnight	CO2
SRR9042937	darkred	0.106512556495902	Midnight	CO2
SRR9042937	lightyellow	0.0949659624054517	Midnight	CO2
SRR9042937	grey60	0.0530797472544547	Midnight	CO2
SRR9042937	salmon	-0.00150305649335725	Midnight	CO2
SRR9042937	turquoise	-0.0207620240605128	Midnight	CO2
SRR9042937	royalblue	-0.00562751218096021	Midnight	CO2
SRR9042937	greenyellow	0.0223613825030972	Midnight	CO2
SRR9042937	lightcyan	0.0019661218658562	Midnight	CO2
SRR9042937	grey	0.000166175211522368	Midnight	CO2
SRR9042938	pink	-0.0925626949212417	Midday	CO2
SRR9042938	orange	-0.0712415697287174	Midday	CO2
SRR9042938	blue	-0.187052067092163	Midday	CO2
SRR9042938	yellow	0.0092496692781084	Midday	CO2
SRR9042938	brown	-0.0130216232725068	Midday	CO2
SRR9042938	green	0.0644330581426741	Midday	CO2
SRR9042938	darkturquoise	0.113052193170919	Midday	CO2
SRR9042938	black	0.206280354125358	Midday	CO2
SRR9042938	lightgreen	0.133731482568179	Midday	CO2
SRR9042938	darkgreen	0.045357844214404	Midday	CO2
SRR9042938	midnightblue	0.0269643690239846	Midday	CO2
SRR9042938	red	0.000904173910918394	Midday	CO2
SRR9042938	tan	-0.0669904686184659	Midday	CO2
SRR9042938	darkgrey	-0.181796748011476	Midday	CO2
SRR9042938	magenta	-0.173516579013189	Midday	CO2
SRR9042938	cyan	-0.0668456394757074	Midday	CO2
SRR9042938	purple	-0.107378187185234	Midday	CO2
SRR9042938	darkred	-0.138247766705445	Midday	CO2
SRR9042938	lightyellow	-0.0851080507376686	Midday	CO2
SRR9042938	grey60	0.117690130896296	Midday	CO2
SRR9042938	salmon	-0.00418876807115145	Midday	CO2
SRR9042938	turquoise	0.110956220020554	Midday	CO2
SRR9042938	royalblue	0.0410189728173707	Midday	CO2
SRR9042938	greenyellow	0.040370581264064	Midday	CO2
SRR9042938	lightcyan	0.0173489186773497	Midday	CO2
SRR9042938	grey	-0.000443029677091857	Midday	CO2
SRR9042939	pink	-0.0938219803529821	Midday	CO2
SRR9042939	orange	-0.0852980666368306	Midday	CO2
SRR9042939	blue	-0.188146430264481	Midday	CO2
SRR9042939	yellow	0.00695142532072593	Midday	CO2
SRR9042939	brown	-0.016839396635369	Midday	CO2
SRR9042939	green	0.0646267170531656	Midday	CO2
SRR9042939	darkturquoise	0.110272158370503	Midday	CO2
SRR9042939	black	0.201500456444251	Midday	CO2
SRR9042939	lightgreen	0.130901388734312	Midday	CO2
SRR9042939	darkgreen	0.0576515667815046	Midday	CO2
SRR9042939	midnightblue	0.0326069037552472	Midday	CO2
SRR9042939	red	-0.000404253566085422	Midday	CO2
SRR9042939	tan	-0.0744238187557162	Midday	CO2
SRR9042939	darkgrey	-0.189533427287336	Midday	CO2
SRR9042939	magenta	-0.169038477580189	Midday	CO2
SRR9042939	cyan	-0.0692341641351175	Midday	CO2
SRR9042939	purple	-0.104006777698255	Midday	CO2
SRR9042939	darkred	-0.13867522018806	Midday	CO2
SRR9042939	lightyellow	-0.0795336107367369	Midday	CO2
SRR9042939	grey60	0.121143969723825	Midday	CO2
SRR9042939	salmon	-0.00728243494159581	Midday	CO2
SRR9042939	turquoise	0.109343012065677	Midday	CO2
SRR9042939	royalblue	0.0437187339304717	Midday	CO2
SRR9042939	greenyellow	0.0320691378191379	Midday	CO2
SRR9042939	lightcyan	0.00947230809079957	Midday	CO2
SRR9042939	grey	-0.000473937280186231	Midday	CO2
SRR9042940	pink	-0.0875946189937162	Midday	CO2
SRR9042940	orange	-0.0739732608477993	Midday	CO2
SRR9042940	blue	-0.188892078411982	Midday	CO2
SRR9042940	yellow	0.0107365658136784	Midday	CO2
SRR9042940	brown	-0.0143481266834186	Midday	CO2
SRR9042940	green	0.0582988779077655	Midday	CO2
SRR9042940	darkturquoise	0.122157940310318	Midday	CO2
SRR9042940	black	0.205974756771845	Midday	CO2
SRR9042940	lightgreen	0.1336155284017	Midday	CO2
SRR9042940	darkgreen	0.0468613141252019	Midday	CO2
SRR9042940	midnightblue	0.0335921454212075	Midday	CO2
SRR9042940	red	0.00263485958758864	Midday	CO2
SRR9042940	tan	-0.0640039391221596	Midday	CO2
SRR9042940	darkgrey	-0.181174678702724	Midday	CO2
SRR9042940	magenta	-0.170390207600578	Midday	CO2
SRR9042940	cyan	-0.06608674877087	Midday	CO2
SRR9042940	purple	-0.101978750775892	Midday	CO2
SRR9042940	darkred	-0.138792343576953	Midday	CO2
SRR9042940	lightyellow	-0.0715777195588537	Midday	CO2
SRR9042940	grey60	0.124958935260661	Midday	CO2
SRR9042940	salmon	-0.00386679939756336	Midday	CO2
SRR9042940	turquoise	0.110510258597784	Midday	CO2
SRR9042940	royalblue	0.0450768554349906	Midday	CO2
SRR9042940	greenyellow	0.0362878432896876	Midday	CO2
SRR9042940	lightcyan	0.0127983575281079	Midday	CO2
SRR9042940	grey	-0.00320697976548379	Midday	CO2
SRR9042941	pink	-0.093335295116946	Midday	CO2
SRR9042941	orange	-0.0858275725748371	Midday	CO2
SRR9042941	blue	-0.18902258915114	Midday	CO2
SRR9042941	yellow	0.0068479260777244	Midday	CO2
SRR9042941	brown	-0.0144446499908285	Midday	CO2
SRR9042941	green	0.0616618551719428	Midday	CO2
SRR9042941	darkturquoise	0.113994466142132	Midday	CO2
SRR9042941	black	0.203048868323141	Midday	CO2
SRR9042941	lightgreen	0.1345158470418	Midday	CO2
SRR9042941	darkgreen	0.0386110457274312	Midday	CO2
SRR9042941	midnightblue	0.0301023348083539	Midday	CO2
SRR9042941	red	0.00157071150530898	Midday	CO2
SRR9042941	tan	-0.0749547542219661	Midday	CO2
SRR9042941	darkgrey	-0.176399245367911	Midday	CO2
SRR9042941	magenta	-0.172473240022661	Midday	CO2
SRR9042941	cyan	-0.0715622246690488	Midday	CO2
SRR9042941	purple	-0.10909878397639	Midday	CO2
SRR9042941	darkred	-0.141958848057765	Midday	CO2
SRR9042941	lightyellow	-0.0826725983353629	Midday	CO2
SRR9042941	grey60	0.124056418286864	Midday	CO2
SRR9042941	salmon	-0.00422075499049193	Midday	CO2
SRR9042941	turquoise	0.108649006760219	Midday	CO2
SRR9042941	royalblue	0.0412583440215428	Midday	CO2
SRR9042941	greenyellow	0.0336329820344201	Midday	CO2
SRR9042941	lightcyan	0.0104633013123411	Midday	CO2
SRR9042941	grey	-0.000358765771068599	Midday	CO2
SRR9042942	pink	-0.0716996190050234	Midday	CO2
SRR9042942	orange	-0.112181477482466	Midday	CO2
SRR9042942	blue	-0.177105531221342	Midday	CO2
SRR9042942	yellow	0.00256038928666322	Midday	CO2
SRR9042942	brown	-0.0200458954640919	Midday	CO2
SRR9042942	green	0.0498086147824617	Midday	CO2
SRR9042942	darkturquoise	0.164271882107777	Midday	CO2
SRR9042942	black	0.191532425451801	Midday	CO2
SRR9042942	lightgreen	0.148102111957786	Midday	CO2
SRR9042942	darkgreen	0.0636488601308396	Midday	CO2
SRR9042942	midnightblue	0.041131246465405	Midday	CO2
SRR9042942	red	0.0135806836408694	Midday	CO2
SRR9042942	tan	-0.0598055074571694	Midday	CO2
SRR9042942	darkgrey	-0.16844965355024	Midday	CO2
SRR9042942	magenta	-0.191254398104294	Midday	CO2
SRR9042942	cyan	-0.0490680129062056	Midday	CO2
SRR9042942	purple	-0.110552020365181	Midday	CO2
SRR9042942	darkred	-0.169923300491411	Midday	CO2
SRR9042942	lightyellow	-0.158761203015335	Midday	CO2
SRR9042942	grey60	0.159055899051745	Midday	CO2
SRR9042942	salmon	-0.016896947498592	Midday	CO2
SRR9042942	turquoise	0.103588582202442	Midday	CO2
SRR9042942	royalblue	0.0966774728896375	Midday	CO2
SRR9042942	greenyellow	0.11357781325999	Midday	CO2
SRR9042942	lightcyan	0.0638199500346958	Midday	CO2
SRR9042942	grey	-1.76214875676171e-05	Midday	CO2
SRR9042943	pink	-0.0702805482313542	Midday	CO2
SRR9042943	orange	-0.122753867315188	Midday	CO2
SRR9042943	blue	-0.17722532462017	Midday	CO2
SRR9042943	yellow	0.00409743735023631	Midday	CO2
SRR9042943	brown	-0.0179186337269482	Midday	CO2
SRR9042943	green	0.0515271197971804	Midday	CO2
SRR9042943	darkturquoise	0.164157492620387	Midday	CO2
SRR9042943	black	0.193256923375881	Midday	CO2
SRR9042943	lightgreen	0.143408888813168	Midday	CO2
SRR9042943	darkgreen	0.0624200932692354	Midday	CO2
SRR9042943	midnightblue	0.0452974874009464	Midday	CO2
SRR9042943	red	0.0163757601530377	Midday	CO2
SRR9042943	tan	-0.0570034860891531	Midday	CO2
SRR9042943	darkgrey	-0.185387419743709	Midday	CO2
SRR9042943	magenta	-0.186581974434182	Midday	CO2
SRR9042943	cyan	-0.0547291313955337	Midday	CO2
SRR9042943	purple	-0.10666609313738	Midday	CO2
SRR9042943	darkred	-0.170084735416503	Midday	CO2
SRR9042943	lightyellow	-0.155762185335948	Midday	CO2
SRR9042943	grey60	0.153842804913028	Midday	CO2
SRR9042943	salmon	-0.021564605913422	Midday	CO2
SRR9042943	turquoise	0.10484029608687	Midday	CO2
SRR9042943	royalblue	0.100228746448937	Midday	CO2
SRR9042943	greenyellow	0.111443453486831	Midday	CO2
SRR9042943	lightcyan	0.0631538499754024	Midday	CO2
SRR9042943	grey	0.000144958130228218	Midday	CO2
SRR9042944	pink	-0.0685652503597764	Midday	CO2
SRR9042944	orange	-0.104712683918221	Midday	CO2
SRR9042944	blue	-0.177475071168625	Midday	CO2
SRR9042944	yellow	0.00366641987285956	Midday	CO2
SRR9042944	brown	-0.0199485053433024	Midday	CO2
SRR9042944	green	0.0510864471846641	Midday	CO2
SRR9042944	darkturquoise	0.167599003217444	Midday	CO2
SRR9042944	black	0.19297619410328	Midday	CO2
SRR9042944	lightgreen	0.13687029672843	Midday	CO2
SRR9042944	darkgreen	0.0560303820354677	Midday	CO2
SRR9042944	midnightblue	0.0305049348103015	Midday	CO2
SRR9042944	red	0.0173318289247621	Midday	CO2
SRR9042944	tan	-0.0623886918721445	Midday	CO2
SRR9042944	darkgrey	-0.168748280733076	Midday	CO2
SRR9042944	magenta	-0.190068799024745	Midday	CO2
SRR9042944	cyan	-0.0534067820964229	Midday	CO2
SRR9042944	purple	-0.111902679064098	Midday	CO2
SRR9042944	darkred	-0.168941556284197	Midday	CO2
SRR9042944	lightyellow	-0.159356116636262	Midday	CO2
SRR9042944	grey60	0.15186707940041	Midday	CO2
SRR9042944	salmon	-0.0205181211476213	Midday	CO2
SRR9042944	turquoise	0.104417049859385	Midday	CO2
SRR9042944	royalblue	0.10996535875251	Midday	CO2
SRR9042944	greenyellow	0.11091094013124	Midday	CO2
SRR9042944	lightcyan	0.0621510181065623	Midday	CO2
SRR9042944	grey	-2.51460691190077e-05	Midday	CO2
SRR9042945	pink	-0.0670392697588321	Midday	CO2
SRR9042945	orange	-0.132700321242273	Midday	CO2
SRR9042945	blue	-0.178131806406701	Midday	CO2
SRR9042945	yellow	0.00246710146642217	Midday	CO2
SRR9042945	brown	-0.0183588511798846	Midday	CO2
SRR9042945	green	0.0513491994229987	Midday	CO2
SRR9042945	darkturquoise	0.168373283553432	Midday	CO2
SRR9042945	black	0.192292980655087	Midday	CO2
SRR9042945	lightgreen	0.14254012928237	Midday	CO2
SRR9042945	darkgreen	0.055019567677405	Midday	CO2
SRR9042945	midnightblue	0.0386234053605801	Midday	CO2
SRR9042945	red	0.0142643741919778	Midday	CO2
SRR9042945	tan	-0.0507132992741908	Midday	CO2
SRR9042945	darkgrey	-0.15367712948363	Midday	CO2
SRR9042945	magenta	-0.187441924727204	Midday	CO2
SRR9042945	cyan	-0.0512931630873745	Midday	CO2
SRR9042945	purple	-0.109480868808086	Midday	CO2
SRR9042945	darkred	-0.163924024504481	Midday	CO2
SRR9042945	lightyellow	-0.155121929858608	Midday	CO2
SRR9042945	grey60	0.154321425918989	Midday	CO2
SRR9042945	salmon	-0.0259133455090384	Midday	CO2
SRR9042945	turquoise	0.10563222081613	Midday	CO2
SRR9042945	royalblue	0.103570801712762	Midday	CO2
SRR9042945	greenyellow	0.112791810319326	Midday	CO2
SRR9042945	lightcyan	0.0656777657412057	Midday	CO2
SRR9042945	grey	0.000102964257317945	Midday	CO2
SRR9042946	pink	-0.134981891502787	Midday	CO2
SRR9042946	orange	-0.15831482360897	Midday	CO2
SRR9042946	blue	-0.183635902227536	Midday	CO2
SRR9042946	yellow	0.0823963608359709	Midday	CO2
SRR9042946	brown	-0.0277642579172399	Midday	CO2
SRR9042946	green	0.0249734832984662	Midday	CO2
SRR9042946	darkturquoise	0.113777528708135	Midday	CO2
SRR9042946	black	0.244507337466242	Midday	CO2
SRR9042946	lightgreen	0.130077816209678	Midday	CO2
SRR9042946	darkgreen	0.0230618593486665	Midday	CO2
SRR9042946	midnightblue	-0.0194411046744175	Midday	CO2
SRR9042946	red	0.0405735622222637	Midday	CO2
SRR9042946	tan	-0.0419031974861965	Midday	CO2
SRR9042946	darkgrey	-0.229062706516856	Midday	CO2
SRR9042946	magenta	-0.231107600039212	Midday	CO2
SRR9042946	cyan	-0.108694702182709	Midday	CO2
SRR9042946	purple	-0.0966491111371308	Midday	CO2
SRR9042946	darkred	-0.0962014512047679	Midday	CO2
SRR9042946	lightyellow	-0.17581804921278	Midday	CO2
SRR9042946	grey60	0.20169774261824	Midday	CO2
SRR9042946	salmon	-0.0584350936679496	Midday	CO2
SRR9042946	turquoise	0.0922614411531949	Midday	CO2
SRR9042946	royalblue	0.166007655589749	Midday	CO2
SRR9042946	greenyellow	0.149421689965502	Midday	CO2
SRR9042946	lightcyan	0.0596982238069537	Midday	CO2
SRR9042946	grey	0.000610097697934007	Midday	CO2
SRR9042948	pink	-0.13180907209795	Midday	CO2
SRR9042948	orange	-0.151561981976328	Midday	CO2
SRR9042948	blue	-0.184491286297871	Midday	CO2
SRR9042948	yellow	0.0828775570745326	Midday	CO2
SRR9042948	brown	-0.0230720224714244	Midday	CO2
SRR9042948	green	0.018368645037265	Midday	CO2
SRR9042948	darkturquoise	0.109208179421967	Midday	CO2
SRR9042948	black	0.243196480444696	Midday	CO2
SRR9042948	lightgreen	0.128579858387	Midday	CO2
SRR9042948	darkgreen	0.0351676507755089	Midday	CO2
SRR9042948	midnightblue	-0.0244905239218453	Midday	CO2
SRR9042948	red	0.0426291838536742	Midday	CO2
SRR9042948	tan	-0.0427043720752136	Midday	CO2
SRR9042948	darkgrey	-0.23165820097035	Midday	CO2
SRR9042948	magenta	-0.230853809799128	Midday	CO2
SRR9042948	cyan	-0.108631056110155	Midday	CO2
SRR9042948	purple	-0.094369177207463	Midday	CO2
SRR9042948	darkred	-0.0990945704938863	Midday	CO2
SRR9042948	lightyellow	-0.171191957002276	Midday	CO2
SRR9042948	grey60	0.201695431594184	Midday	CO2
SRR9042948	salmon	-0.0721258750277972	Midday	CO2
SRR9042948	turquoise	0.0946636821232149	Midday	CO2
SRR9042948	royalblue	0.171083164785455	Midday	CO2
SRR9042948	greenyellow	0.150702586373964	Midday	CO2
SRR9042948	lightcyan	0.0565710918003037	Midday	CO2
SRR9042948	grey	0.000499722439381639	Midday	CO2
SRR9042949	pink	-0.12993784606291	Midday	CO2
SRR9042949	orange	-0.171967370593268	Midday	CO2
SRR9042949	blue	-0.183153269461513	Midday	CO2
SRR9042949	yellow	0.0820501534748828	Midday	CO2
SRR9042949	brown	-0.0247036591186336	Midday	CO2
SRR9042949	green	0.0195409655142214	Midday	CO2
SRR9042949	darkturquoise	0.110748677423639	Midday	CO2
SRR9042949	black	0.240463332383626	Midday	CO2
SRR9042949	lightgreen	0.130807922867457	Midday	CO2
SRR9042949	darkgreen	0.0355560748572596	Midday	CO2
SRR9042949	midnightblue	-0.0255094073507979	Midday	CO2
SRR9042949	red	0.0371423673828841	Midday	CO2
SRR9042949	tan	-0.0303845022250273	Midday	CO2
SRR9042949	darkgrey	-0.230224251352521	Midday	CO2
SRR9042949	magenta	-0.225620298726981	Midday	CO2
SRR9042949	cyan	-0.108667533222481	Midday	CO2
SRR9042949	purple	-0.0966322629117297	Midday	CO2
SRR9042949	darkred	-0.0949899589943506	Midday	CO2
SRR9042949	lightyellow	-0.173159088745379	Midday	CO2
SRR9042949	grey60	0.202845511954345	Midday	CO2
SRR9042949	salmon	-0.0588761402620761	Midday	CO2
SRR9042949	turquoise	0.0936931719297807	Midday	CO2
SRR9042949	royalblue	0.169266427858039	Midday	CO2
SRR9042949	greenyellow	0.148287862499642	Midday	CO2
SRR9042949	lightcyan	0.0592804828830588	Midday	CO2
SRR9042949	grey	0.000263015942839719	Midday	CO2
SRR9042950	pink	0.072027986589263	Midnight	CO2
SRR9042950	orange	-0.226803398456628	Midnight	CO2
SRR9042950	blue	0.111320231338602	Midnight	CO2
SRR9042950	yellow	0.0520303430233471	Midnight	CO2
SRR9042950	brown	-0.046510592831566	Midnight	CO2
SRR9042950	green	-0.176381568002193	Midnight	CO2
SRR9042950	darkturquoise	-0.0317181628713277	Midnight	CO2
SRR9042950	black	-0.0292561211895617	Midnight	CO2
SRR9042950	lightgreen	-0.0218953813315268	Midnight	CO2
SRR9042950	darkgreen	0.0849509690954333	Midnight	CO2
SRR9042950	midnightblue	-0.0110394238640143	Midnight	CO2
SRR9042950	red	0.0879550056062271	Midnight	CO2
SRR9042950	tan	0.163299074395451	Midnight	CO2
SRR9042950	darkgrey	0.117281514147229	Midnight	CO2
SRR9042950	magenta	0.073460443038091	Midnight	CO2
SRR9042950	cyan	-0.0449204740606853	Midnight	CO2
SRR9042950	purple	-0.121269192889474	Midnight	CO2
SRR9042950	darkred	-0.0249319040488751	Midnight	CO2
SRR9042950	lightyellow	-0.140496089823351	Midnight	CO2
SRR9042950	grey60	-0.00772421032680897	Midnight	CO2
SRR9042950	salmon	-0.143305163299182	Midnight	CO2
SRR9042950	turquoise	-0.0645157197041525	Midnight	CO2
SRR9042950	royalblue	-0.0774580263611166	Midnight	CO2
SRR9042950	greenyellow	-0.00707591001974382	Midnight	CO2
SRR9042950	lightcyan	-0.090980392477339	Midnight	CO2
SRR9042950	grey	0.000345847109547103	Midnight	CO2
SRR9042951	pink	0.0792827814628253	Midnight	CO2
SRR9042951	orange	-0.223655122838824	Midnight	CO2
SRR9042951	blue	0.111570703585763	Midnight	CO2
SRR9042951	yellow	0.0526225740539683	Midnight	CO2
SRR9042951	brown	-0.0498266993166053	Midnight	CO2
SRR9042951	green	-0.173571335776239	Midnight	CO2
SRR9042951	darkturquoise	-0.0243187413937379	Midnight	CO2
SRR9042951	black	-0.0301141729252012	Midnight	CO2
SRR9042951	lightgreen	-0.021491835447942	Midnight	CO2
SRR9042951	darkgreen	0.0884926645099847	Midnight	CO2
SRR9042951	midnightblue	-0.00271607867642634	Midnight	CO2
SRR9042951	red	0.086510216272307	Midnight	CO2
SRR9042951	tan	0.16463699311354	Midnight	CO2
SRR9042951	darkgrey	0.110829420613995	Midnight	CO2
SRR9042951	magenta	0.073027784943015	Midnight	CO2
SRR9042951	cyan	-0.0412359059330621	Midnight	CO2
SRR9042951	purple	-0.119870743568153	Midnight	CO2
SRR9042951	darkred	-0.0206777203711456	Midnight	CO2
SRR9042951	lightyellow	-0.134320901456501	Midnight	CO2
SRR9042951	grey60	-0.00638472459968466	Midnight	CO2
SRR9042951	salmon	-0.14345612399387	Midnight	CO2
SRR9042951	turquoise	-0.0637711607567785	Midnight	CO2
SRR9042951	royalblue	-0.060353897852274	Midnight	CO2
SRR9042951	greenyellow	-0.00581337812643709	Midnight	CO2
SRR9042951	lightcyan	-0.0896119371064005	Midnight	CO2
SRR9042951	grey	0.000628836625485385	Midnight	CO2
SRR9042952	pink	0.0718933301947929	Midnight	CO2
SRR9042952	orange	-0.234155323966188	Midnight	CO2
SRR9042952	blue	0.11094431691574	Midnight	CO2
SRR9042952	yellow	0.0540050961241112	Midnight	CO2
SRR9042952	brown	-0.0483191776328145	Midnight	CO2
SRR9042952	green	-0.174926586460464	Midnight	CO2
SRR9042952	darkturquoise	-0.02705554185537	Midnight	CO2
SRR9042952	black	-0.0321007036456739	Midnight	CO2
SRR9042952	lightgreen	-0.0249485763068796	Midnight	CO2
SRR9042952	darkgreen	0.0836958777764981	Midnight	CO2
SRR9042952	midnightblue	-0.0105877521538717	Midnight	CO2
SRR9042952	red	0.0881885291785406	Midnight	CO2
SRR9042952	tan	0.166474872201186	Midnight	CO2
SRR9042952	darkgrey	0.115248780774542	Midnight	CO2
SRR9042952	magenta	0.0725048564882489	Midnight	CO2
SRR9042952	cyan	-0.0473080795256653	Midnight	CO2
SRR9042952	purple	-0.119869460751436	Midnight	CO2
SRR9042952	darkred	-0.01774431035165	Midnight	CO2
SRR9042952	lightyellow	-0.136665698884032	Midnight	CO2
SRR9042952	grey60	-0.0069200401567599	Midnight	CO2
SRR9042952	salmon	-0.146458037447294	Midnight	CO2
SRR9042952	turquoise	-0.0645317756655294	Midnight	CO2
SRR9042952	royalblue	-0.0689826647861163	Midnight	CO2
SRR9042952	greenyellow	-0.00434592765918976	Midnight	CO2
SRR9042952	lightcyan	-0.0896560832833806	Midnight	CO2
SRR9042952	grey	0.000320629747315355	Midnight	CO2
SRR9042953	pink	0.0717672781332497	Midnight	CO2
SRR9042953	orange	-0.229428541004204	Midnight	CO2
SRR9042953	blue	0.111893741891161	Midnight	CO2
SRR9042953	yellow	0.0524913231843309	Midnight	CO2
SRR9042953	brown	-0.0488288241828689	Midnight	CO2
SRR9042953	green	-0.174391111859066	Midnight	CO2
SRR9042953	darkturquoise	-0.0281271347189075	Midnight	CO2
SRR9042953	black	-0.0289537739479055	Midnight	CO2
SRR9042953	lightgreen	-0.0257617398928122	Midnight	CO2
SRR9042953	darkgreen	0.0893552209220219	Midnight	CO2
SRR9042953	midnightblue	-0.01009538039264	Midnight	CO2
SRR9042953	red	0.0866526666592558	Midnight	CO2
SRR9042953	tan	0.167227835326333	Midnight	CO2
SRR9042953	darkgrey	0.115187065459279	Midnight	CO2
SRR9042953	magenta	0.070351633253994	Midnight	CO2
SRR9042953	cyan	-0.0452338430295045	Midnight	CO2
SRR9042953	purple	-0.114358476074283	Midnight	CO2
SRR9042953	darkred	-0.0174634900600245	Midnight	CO2
SRR9042953	lightyellow	-0.141784162928234	Midnight	CO2
SRR9042953	grey60	-0.00380013573799412	Midnight	CO2
SRR9042953	salmon	-0.140542515347888	Midnight	CO2
SRR9042953	turquoise	-0.064665787365813	Midnight	CO2
SRR9042953	royalblue	-0.0651463552221351	Midnight	CO2
SRR9042953	greenyellow	-0.00394255450728966	Midnight	CO2
SRR9042953	lightcyan	-0.0912298597336475	Midnight	CO2
SRR9042953	grey	0.000714694798193505	Midnight	CO2
SRR9042954	pink	-0.0117736340291654	Midnight	CO2
SRR9042954	orange	0.056268155505302	Midnight	CO2
SRR9042954	blue	0.106469966108985	Midnight	CO2
SRR9042954	yellow	0.100906188718051	Midnight	CO2
SRR9042954	brown	-0.0269964696853764	Midnight	CO2
SRR9042954	green	-0.124143179186219	Midnight	CO2
SRR9042954	darkturquoise	-0.0512435068376327	Midnight	CO2
SRR9042954	black	0.0221809209895445	Midnight	CO2
SRR9042954	lightgreen	0.0205302631041696	Midnight	CO2
SRR9042954	darkgreen	0.0543467185171996	Midnight	CO2
SRR9042954	midnightblue	-0.0469240664137904	Midnight	CO2
SRR9042954	red	0.0673180781992467	Midnight	CO2
SRR9042954	tan	0.159062604020271	Midnight	CO2
SRR9042954	darkgrey	0.0637635599306661	Midnight	CO2
SRR9042954	magenta	0.0879170196477209	Midnight	CO2
SRR9042954	cyan	-0.0872752103056051	Midnight	CO2
SRR9042954	purple	-0.125302318334397	Midnight	CO2
SRR9042954	darkred	-0.00417858711452087	Midnight	CO2
SRR9042954	lightyellow	-0.13973652201291	Midnight	CO2
SRR9042954	grey60	-0.112256572093135	Midnight	CO2
SRR9042954	salmon	-0.12800680811962	Midnight	CO2
SRR9042954	turquoise	-0.0559573485080811	Midnight	CO2
SRR9042954	royalblue	-0.152587615881371	Midnight	CO2
SRR9042954	greenyellow	-0.0870322018038564	Midnight	CO2
SRR9042954	lightcyan	-0.137949341258356	Midnight	CO2
SRR9042954	grey	8.15711992267429e-05	Midnight	CO2
SRR9042955	pink	-0.0103701791774024	Midnight	CO2
SRR9042955	orange	0.047786188880685	Midnight	CO2
SRR9042955	blue	0.107207487263465	Midnight	CO2
SRR9042955	yellow	0.101715057820553	Midnight	CO2
SRR9042955	brown	-0.0249883889539834	Midnight	CO2
SRR9042955	green	-0.12649760177454	Midnight	CO2
SRR9042955	darkturquoise	-0.0441743414093835	Midnight	CO2
SRR9042955	black	0.0285248604963595	Midnight	CO2
SRR9042955	lightgreen	0.0165093510113123	Midnight	CO2
SRR9042955	darkgreen	0.0451750902392697	Midnight	CO2
SRR9042955	midnightblue	-0.0456858771269515	Midnight	CO2
SRR9042955	red	0.064971407511718	Midnight	CO2
SRR9042955	tan	0.1591790643274	Midnight	CO2
SRR9042955	darkgrey	0.0677324175248295	Midnight	CO2
SRR9042955	magenta	0.0929886732739511	Midnight	CO2
SRR9042955	cyan	-0.0881049620548378	Midnight	CO2
SRR9042955	purple	-0.122587475988419	Midnight	CO2
SRR9042955	darkred	-0.00785507798815467	Midnight	CO2
SRR9042955	lightyellow	-0.136170815132484	Midnight	CO2
SRR9042955	grey60	-0.107255573378699	Midnight	CO2
SRR9042955	salmon	-0.12749669355952	Midnight	CO2
SRR9042955	turquoise	-0.056288859867033	Midnight	CO2
SRR9042955	royalblue	-0.152244290058025	Midnight	CO2
SRR9042955	greenyellow	-0.0789296975705108	Midnight	CO2
SRR9042955	lightcyan	-0.136267979733457	Midnight	CO2
SRR9042955	grey	-3.80880656952617e-06	Midnight	CO2
SRR9042956	pink	-0.00912515481588682	Midnight	CO2
SRR9042956	orange	0.023800080514596	Midnight	CO2
SRR9042956	blue	0.107197143639864	Midnight	CO2
SRR9042956	yellow	0.100642514006426	Midnight	CO2
SRR9042956	brown	-0.0267561230097207	Midnight	CO2
SRR9042956	green	-0.124752473654963	Midnight	CO2
SRR9042956	darkturquoise	-0.0455694357360109	Midnight	CO2
SRR9042956	black	0.0250028035254885	Midnight	CO2
SRR9042956	lightgreen	0.0139997125715972	Midnight	CO2
SRR9042956	darkgreen	0.0511816682761222	Midnight	CO2
SRR9042956	midnightblue	-0.0450550955273946	Midnight	CO2
SRR9042956	red	0.0677135346593181	Midnight	CO2
SRR9042956	tan	0.165816049642735	Midnight	CO2
SRR9042956	darkgrey	0.068086692540249	Midnight	CO2
SRR9042956	magenta	0.096151267842179	Midnight	CO2
SRR9042956	cyan	-0.0883586747860297	Midnight	CO2
SRR9042956	purple	-0.127012317135631	Midnight	CO2
SRR9042956	darkred	-0.0124236645890204	Midnight	CO2
SRR9042956	lightyellow	-0.132587006509753	Midnight	CO2
SRR9042956	grey60	-0.115170209298162	Midnight	CO2
SRR9042956	salmon	-0.126513471150328	Midnight	CO2
SRR9042956	turquoise	-0.0544213784092111	Midnight	CO2
SRR9042956	royalblue	-0.154450609024344	Midnight	CO2
SRR9042956	greenyellow	-0.0851200501820908	Midnight	CO2
SRR9042956	lightcyan	-0.135846158836222	Midnight	CO2
SRR9042956	grey	-0.000102589602841443	Midnight	CO2
SRR9042957	pink	-0.00848435758309431	Midnight	CO2
SRR9042957	orange	0.0404853613073839	Midnight	CO2
SRR9042957	blue	0.108449649036411	Midnight	CO2
SRR9042957	yellow	0.101429791799488	Midnight	CO2
SRR9042957	brown	-0.0245953780195413	Midnight	CO2
SRR9042957	green	-0.124470115223047	Midnight	CO2
SRR9042957	darkturquoise	-0.0414748795246975	Midnight	CO2
SRR9042957	black	0.0267904707183352	Midnight	CO2
SRR9042957	lightgreen	0.0215891038957946	Midnight	CO2
SRR9042957	darkgreen	0.0416328103616376	Midnight	CO2
SRR9042957	midnightblue	-0.0535928521392847	Midnight	CO2
SRR9042957	red	0.0728709337013088	Midnight	CO2
SRR9042957	tan	0.157917568308829	Midnight	CO2
SRR9042957	darkgrey	0.0696336740432277	Midnight	CO2
SRR9042957	magenta	0.096270578457368	Midnight	CO2
SRR9042957	cyan	-0.0894708417776317	Midnight	CO2
SRR9042957	purple	-0.127876088996815	Midnight	CO2
SRR9042957	darkred	-0.00855734955303505	Midnight	CO2
SRR9042957	lightyellow	-0.134751195777442	Midnight	CO2
SRR9042957	grey60	-0.111978082184424	Midnight	CO2
SRR9042957	salmon	-0.135496302048032	Midnight	CO2
SRR9042957	turquoise	-0.0546358413378821	Midnight	CO2
SRR9042957	royalblue	-0.147872473150232	Midnight	CO2
SRR9042957	greenyellow	-0.0778948150876657	Midnight	CO2
SRR9042957	lightcyan	-0.126743248059057	Midnight	CO2
SRR9042957	grey	-5.02246964612498e-05	Midnight	CO2
SRR9042958	pink	0.0951260958474467	Midnight	CO2
SRR9042958	orange	0.160098956621201	Midnight	CO2
SRR9042958	blue	0.140012717535306	Midnight	CO2
SRR9042958	yellow	0.104809339754649	Midnight	CO2
SRR9042958	brown	-0.0190400291024411	Midnight	CO2
SRR9042958	green	-0.104472024433371	Midnight	CO2
SRR9042958	darkturquoise	-0.0498616690019734	Midnight	CO2
SRR9042958	black	0.0179069935284495	Midnight	CO2
SRR9042958	lightgreen	0.0132857614816267	Midnight	CO2
SRR9042958	darkgreen	0.0803968546010486	Midnight	CO2
SRR9042958	midnightblue	-0.00187049348281652	Midnight	CO2
SRR9042958	red	0.0163473146043493	Midnight	CO2
SRR9042958	tan	0.147315705458359	Midnight	CO2
SRR9042958	darkgrey	0.125404027961711	Midnight	CO2
SRR9042958	magenta	0.0740956127690107	Midnight	CO2
SRR9042958	cyan	-0.0960636601190777	Midnight	CO2
SRR9042958	purple	-0.163187340293685	Midnight	CO2
SRR9042958	darkred	-0.0686412146345434	Midnight	CO2
SRR9042958	lightyellow	-0.122868355108329	Midnight	CO2
SRR9042958	grey60	-0.216257977875456	Midnight	CO2
SRR9042958	salmon	-0.116062987770921	Midnight	CO2
SRR9042958	turquoise	-0.0773171049703721	Midnight	CO2
SRR9042958	royalblue	-0.259401250772926	Midnight	CO2
SRR9042958	greenyellow	-0.161930524310591	Midnight	CO2
SRR9042958	lightcyan	-0.143817565334481	Midnight	CO2
SRR9042958	grey	-0.000670168210378889	Midnight	CO2
SRR9042959	pink	0.0963314383006461	Midnight	CO2
SRR9042959	orange	0.147430469071789	Midnight	CO2
SRR9042959	blue	0.139262537362346	Midnight	CO2
SRR9042959	yellow	0.103917895556455	Midnight	CO2
SRR9042959	brown	-0.019673772856557	Midnight	CO2
SRR9042959	green	-0.108581157127478	Midnight	CO2
SRR9042959	darkturquoise	-0.0490235983673993	Midnight	CO2
SRR9042959	black	0.0154470378474442	Midnight	CO2
SRR9042959	lightgreen	0.0101178366945654	Midnight	CO2
SRR9042959	darkgreen	0.0761353305528196	Midnight	CO2
SRR9042959	midnightblue	6.60339953164208e-05	Midnight	CO2
SRR9042959	red	0.0141260015541042	Midnight	CO2
SRR9042959	tan	0.146145362788058	Midnight	CO2
SRR9042959	darkgrey	0.120752476204454	Midnight	CO2
SRR9042959	magenta	0.0722348856658414	Midnight	CO2
SRR9042959	cyan	-0.102119638926225	Midnight	CO2
SRR9042959	purple	-0.159042205729101	Midnight	CO2
SRR9042959	darkred	-0.0785672949250587	Midnight	CO2
SRR9042959	lightyellow	-0.119135664643371	Midnight	CO2
SRR9042959	grey60	-0.218834475569957	Midnight	CO2
SRR9042959	salmon	-0.120392512612248	Midnight	CO2
SRR9042959	turquoise	-0.0749809301240745	Midnight	CO2
SRR9042959	royalblue	-0.25306077044074	Midnight	CO2
SRR9042959	greenyellow	-0.169333351790414	Midnight	CO2
SRR9042959	lightcyan	-0.14734477291809	Midnight	CO2
SRR9042959	grey	-0.0006355298257927	Midnight	CO2
SRR9042960	pink	0.0935675362929952	Midnight	CO2
SRR9042960	orange	0.139869440590052	Midnight	CO2
SRR9042960	blue	0.138335820549717	Midnight	CO2
SRR9042960	yellow	0.102096712219487	Midnight	CO2
SRR9042960	brown	-0.0210212900042111	Midnight	CO2
SRR9042960	green	-0.110362771708994	Midnight	CO2
SRR9042960	darkturquoise	-0.0567492713652351	Midnight	CO2
SRR9042960	black	0.0173663576420787	Midnight	CO2
SRR9042960	lightgreen	0.0139722600111328	Midnight	CO2
SRR9042960	darkgreen	0.0809282111782511	Midnight	CO2
SRR9042960	midnightblue	-0.0053880775258326	Midnight	CO2
SRR9042960	red	0.0150278559397123	Midnight	CO2
SRR9042960	tan	0.14323684569735	Midnight	CO2
SRR9042960	darkgrey	0.120533511885806	Midnight	CO2
SRR9042960	magenta	0.072802976599509	Midnight	CO2
SRR9042960	cyan	-0.0985299877287476	Midnight	CO2
SRR9042960	purple	-0.169936434573349	Midnight	CO2
SRR9042960	darkred	-0.0693089681971275	Midnight	CO2
SRR9042960	lightyellow	-0.129366082658488	Midnight	CO2
SRR9042960	grey60	-0.204532230361281	Midnight	CO2
SRR9042960	salmon	-0.126769770920515	Midnight	CO2
SRR9042960	turquoise	-0.076448545254441	Midnight	CO2
SRR9042960	royalblue	-0.262330865341697	Midnight	CO2
SRR9042960	greenyellow	-0.173227374438805	Midnight	CO2
SRR9042960	lightcyan	-0.152150802834035	Midnight	CO2
SRR9042960	grey	-0.000689530109894982	Midnight	CO2
SRR9042961	pink	0.0952450404718243	Midnight	CO2
SRR9042961	orange	0.144125108322115	Midnight	CO2
SRR9042961	blue	0.139509386093623	Midnight	CO2
SRR9042961	yellow	0.101402852185246	Midnight	CO2
SRR9042961	brown	-0.0205864991952102	Midnight	CO2
SRR9042961	green	-0.107619246356083	Midnight	CO2
SRR9042961	darkturquoise	-0.0474270956060732	Midnight	CO2
SRR9042961	black	0.0185002847157585	Midnight	CO2
SRR9042961	lightgreen	0.013848560417588	Midnight	CO2
SRR9042961	darkgreen	0.0904203692814227	Midnight	CO2
SRR9042961	midnightblue	-0.00333498009537037	Midnight	CO2
SRR9042961	red	0.0105278028161356	Midnight	CO2
SRR9042961	tan	0.143831738900101	Midnight	CO2
SRR9042961	darkgrey	0.127733942396504	Midnight	CO2
SRR9042961	magenta	0.0748562435166451	Midnight	CO2
SRR9042961	cyan	-0.0991140018047384	Midnight	CO2
SRR9042961	purple	-0.163216132709749	Midnight	CO2
SRR9042961	darkred	-0.0726363168057941	Midnight	CO2
SRR9042961	lightyellow	-0.120524616005294	Midnight	CO2
SRR9042961	grey60	-0.210639743235221	Midnight	CO2
SRR9042961	salmon	-0.118977115999628	Midnight	CO2
SRR9042961	turquoise	-0.0760394960978716	Midnight	CO2
SRR9042961	royalblue	-0.250572748032261	Midnight	CO2
SRR9042961	greenyellow	-0.167118223768952	Midnight	CO2
SRR9042961	lightcyan	-0.145007529429194	Midnight	CO2
SRR9042961	grey	-0.000666714883818901	Midnight	CO2
